"","SAMPLE","Site","Experiment","Name","REP","SizeFrac","r.squared","INTERCEPT","SLOPE","EXPID","TimePoint","Replicate_ID","EXP_TYPE","IGT_REP","total_euks_noFLP","total_FLP","total_euks_wflp","Minutes","SiteOrigin","FLUID_ORIGIN","CRUISE_SAMPLE","EXP_REPS","EXP_VOL","CTRL_REPS","CTRL_VOL","FLPperEuk","SITE","TYPE","SiteOrder","NameOrder"
"1","Piccard-LotsOShrimp","Piccard","LotsOShrimp-Bag","LotsOShrimp","Bag","total_euks",0.660252576775601,0.351700208188758,-0.00760582928521861,"T0-Rep3","T0","Rep3","Bag","Bag",9,3,2,0,"Vent","J2-1241","LV24",3,1.5,2,0.2,0.272727272727273,"Piccard","Bag","Piccard","Lots 'O Shrimp"
"2","Piccard-LotsOShrimp","Piccard","LotsOShrimp-Bag","LotsOShrimp","Bag","total_euks",0.660252576775601,0.351700208188758,-0.00760582928521861,"T15-Rep3","T15","Rep3","Bag","Bag",8,4,3,15,"Vent","J2-1241","LV24",3,1.5,2,0.2,0.363636363636364,"Piccard","Bag","Piccard","Lots 'O Shrimp"
"3","Piccard-LotsOShrimp","Piccard","LotsOShrimp-Bag","LotsOShrimp","Bag","total_euks",0.660252576775601,0.351700208188758,-0.00760582928521861,"T20-Rep3","T20","Rep3","Bag","Bag",9,2,1,20,"Vent","J2-1241","LV24",3,1.5,2,0.2,0.2,"Piccard","Bag","Piccard","Lots 'O Shrimp"
"4","Piccard-LotsOShrimp","Piccard","LotsOShrimp-Bag","LotsOShrimp","Bag","total_euks",0.660252576775601,0.351700208188758,-0.00760582928521861,"T40-Rep3","T40","Rep3","Bag","Bag",5,0,0,40,"Vent","J2-1241","LV24",3,1.5,2,0.2,0,"Piccard","Bag","Piccard","Lots 'O Shrimp"
"5","Piccard-Plume","Piccard","Plume-Bag","Plume","Bag","total_euks",0.0281099810079836,0.743508811264493,0.00536285578899214,"T0-Rep1","T0","Rep1","Bag","Bag",6,6,4,0,"Plume","CTD004","Niskin 10",3,2,2,0.5,0.6,"Piccard","Bag","Piccard","Plume"
"6","Piccard-Plume","Piccard","Plume-Bag","Plume","Bag","total_euks",0.0281099810079836,0.743508811264493,0.00536285578899214,"T0-Rep2","T0","Rep2","Bag","Bag",5,5,3,0,"Plume","CTD004","Niskin 10",3,2,2,0.5,0.625,"Piccard","Bag","Piccard","Plume"
"7","Piccard-Plume","Piccard","Plume-Bag","Plume","Bag","total_euks",0.0281099810079836,0.743508811264493,0.00536285578899214,"T0-Rep3","T0","Rep3","Bag","Bag",11,8,5,0,"Plume","CTD004","Niskin 10",3,2,2,0.5,0.5,"Piccard","Bag","Piccard","Plume"
"8","Piccard-Plume","Piccard","Plume-Bag","Plume","Bag","total_euks",0.0281099810079836,0.743508811264493,0.00536285578899214,"T10-Rep1","T10","Rep1","Bag","Bag",8,6,5,10,"Plume","CTD004","Niskin 10",3,2,2,0.5,0.461538461538462,"Piccard","Bag","Piccard","Plume"
"9","Piccard-Plume","Piccard","Plume-Bag","Plume","Bag","total_euks",0.0281099810079836,0.743508811264493,0.00536285578899214,"T10-Rep2","T10","Rep2","Bag","Bag",2,3,2,10,"Plume","CTD004","Niskin 10",3,2,2,0.5,0.75,"Piccard","Bag","Piccard","Plume"
"10","Piccard-Plume","Piccard","Plume-Bag","Plume","Bag","total_euks",0.0281099810079836,0.743508811264493,0.00536285578899214,"T10-Rep3","T10","Rep3","Bag","Bag",9,12,5,10,"Plume","CTD004","Niskin 10",3,2,2,0.5,0.857142857142857,"Piccard","Bag","Piccard","Plume"
"11","Piccard-Plume","Piccard","Plume-Bag","Plume","Bag","total_euks",0.0281099810079836,0.743508811264493,0.00536285578899214,"T15-Rep1","T15","Rep1","Bag","Bag",10,8,4,15,"Plume","CTD004","Niskin 10",3,2,2,0.5,0.571428571428571,"Piccard","Bag","Piccard","Plume"
"12","Piccard-Plume","Piccard","Plume-Bag","Plume","Bag","total_euks",0.0281099810079836,0.743508811264493,0.00536285578899214,"T15-Rep2","T15","Rep2","Bag","Bag",1,11,5,15,"Plume","CTD004","Niskin 10",3,2,2,0.5,1.83333333333333,"Piccard","Bag","Piccard","Plume"
"13","Piccard-Plume","Piccard","Plume-Bag","Plume","Bag","total_euks",0.0281099810079836,0.743508811264493,0.00536285578899214,"T15-Rep3","T15","Rep3","Bag","Bag",5,19,6,15,"Plume","CTD004","Niskin 10",3,2,2,0.5,1.72727272727273,"Piccard","Bag","Piccard","Plume"
"14","Piccard-Plume","Piccard","Plume-Bag","Plume","Bag","total_euks",0.0281099810079836,0.743508811264493,0.00536285578899214,"T20-Rep1","T20","Rep1","Bag","Bag",5,5,4,20,"Plume","CTD004","Niskin 10",3,2,2,0.5,0.555555555555556,"Piccard","Bag","Piccard","Plume"
"15","Piccard-Plume","Piccard","Plume-Bag","Plume","Bag","total_euks",0.0281099810079836,0.743508811264493,0.00536285578899214,"T20-Rep2","T20","Rep2","Bag","Bag",3,4,3,20,"Plume","CTD004","Niskin 10",3,2,2,0.5,0.666666666666667,"Piccard","Bag","Piccard","Plume"
"16","Piccard-Plume","Piccard","Plume-Bag","Plume","Bag","total_euks",0.0281099810079836,0.743508811264493,0.00536285578899214,"T20-Rep3","T20","Rep3","Bag","Bag",7,9,5,20,"Plume","CTD004","Niskin 10",3,2,2,0.5,0.75,"Piccard","Bag","Piccard","Plume"
"17","Piccard-Plume","Piccard","Plume-Bag","Plume","Bag","total_euks",0.0281099810079836,0.743508811264493,0.00536285578899214,"T40-Rep1","T40","Rep1","Bag","Bag",5,11,4,40,"Plume","CTD004","Niskin 10",3,2,2,0.5,1.22222222222222,"Piccard","Bag","Piccard","Plume"
"18","Piccard-Plume","Piccard","Plume-Bag","Plume","Bag","total_euks",0.0281099810079836,0.743508811264493,0.00536285578899214,"T40-Rep2","T40","Rep2","Bag","Bag",1,2,1,40,"Plume","CTD004","Niskin 10",3,2,2,0.5,1,"Piccard","Bag","Piccard","Plume"
"19","Piccard-Plume","Piccard","Plume-Bag","Plume","Bag","total_euks",0.0281099810079836,0.743508811264493,0.00536285578899214,"T40-Rep3","T40","Rep3","Bag","Bag",7,4,3,40,"Plume","CTD004","Niskin 10",3,2,2,0.5,0.4,"Piccard","Bag","Piccard","Plume"
"20","Piccard-Shrimpocalypse","Piccard","Shrimpocalypse-Bag","Shrimpocalypse","Bag","total_euks",0.134500774674668,0.741420208944325,0.0156868720775473,"T0-Rep3","T0","Rep3","Bag","Bag",9,9,4,0,"Vent","J2-1240","LV13",3,1.5,2,0.2,0.692307692307692,"Piccard","Bag","Piccard","Shrimpocalypse"
"21","Piccard-Shrimpocalypse","Piccard","Shrimpocalypse-Bag","Shrimpocalypse","Bag","total_euks",0.134500774674668,0.741420208944325,0.0156868720775473,"T10-Rep3","T10","Rep3","Bag","Bag",10,6,4,10,"Vent","J2-1240","LV13",3,1.5,2,0.2,0.428571428571429,"Piccard","Bag","Piccard","Shrimpocalypse"
"22","Piccard-Shrimpocalypse","Piccard","Shrimpocalypse-Bag","Shrimpocalypse","Bag","total_euks",0.134500774674668,0.741420208944325,0.0156868720775473,"T15-Rep3","T15","Rep3","Bag","Bag",8,8,2,14,"Vent","J2-1240","LV13",3,1.5,2,0.2,0.8,"Piccard","Bag","Piccard","Shrimpocalypse"
"23","Piccard-Shrimpocalypse","Piccard","Shrimpocalypse-Bag","Shrimpocalypse","Bag","total_euks",0.134500774674668,0.741420208944325,0.0156868720775473,"T20-Rep3","T20","Rep3","Bag","Bag",1,13,5,22,"Vent","J2-1240","LV13",3,1.5,2,0.2,2.16666666666667,"Piccard","Bag","Piccard","Shrimpocalypse"
"24","Piccard-Shrimpocalypse","Piccard","Shrimpocalypse-Bag","Shrimpocalypse","Bag","total_euks",0.134500774674668,0.741420208944325,0.0156868720775473,"T40-Rep3","T40","Rep3","Bag","Bag",2,5,3,42,"Vent","J2-1240","LV13",3,1.5,2,0.2,1,"Piccard","Bag","Piccard","Shrimpocalypse"
"25","VD-BSW","VD","BSW-Bag","BSW","Bag","total_euks",0.0163398030044463,0.338107105401249,0.00295888888032389,"T0-Rep1","T0","Rep1","Bag","Bag",12,1,1,0,"Background","CTD002","Niskins 8-10",3,2,2,0.5,0.0769230769230769,"VD","Bag","Von Damm","Background"
"26","VD-BSW","VD","BSW-Bag","BSW","Bag","total_euks",0.0163398030044463,0.338107105401249,0.00295888888032389,"T0-Rep2","T0","Rep2","Bag","Bag",9,1,1,0,"Background","CTD002","Niskins 8-10",3,2,2,0.5,0.1,"VD","Bag","Von Damm","Background"
"27","VD-BSW","VD","BSW-Bag","BSW","Bag","total_euks",0.0163398030044463,0.338107105401249,0.00295888888032389,"T10-Rep2","T10","Rep2","Bag","Bag",16,15,7,10,"Background","CTD002","Niskins 8-10",3,2,2,0.5,0.652173913043478,"VD","Bag","Von Damm","Background"
"28","VD-BSW","VD","BSW-Bag","BSW","Bag","total_euks",0.0163398030044463,0.338107105401249,0.00295888888032389,"T10-Rep3","T10","Rep3","Bag","Bag",7,13,7,10,"Background","CTD002","Niskins 8-10",3,2,2,0.5,0.928571428571429,"VD","Bag","Von Damm","Background"
"29","VD-BSW","VD","BSW-Bag","BSW","Bag","total_euks",0.0163398030044463,0.338107105401249,0.00295888888032389,"T15-Rep1","T15","Rep1","Bag","Bag",10,8,4,15,"Background","CTD002","Niskins 8-10",3,2,2,0.5,0.571428571428571,"VD","Bag","Von Damm","Background"
"30","VD-BSW","VD","BSW-Bag","BSW","Bag","total_euks",0.0163398030044463,0.338107105401249,0.00295888888032389,"T15-Rep2","T15","Rep2","Bag","Bag",14,5,4,15,"Background","CTD002","Niskins 8-10",3,2,2,0.5,0.277777777777778,"VD","Bag","Von Damm","Background"
"31","VD-BSW","VD","BSW-Bag","BSW","Bag","total_euks",0.0163398030044463,0.338107105401249,0.00295888888032389,"T15-Rep3","T15","Rep3","Bag","Bag",7,0,0,15,"Background","CTD002","Niskins 8-10",3,2,2,0.5,0,"VD","Bag","Von Damm","Background"
"32","VD-BSW","VD","BSW-Bag","BSW","Bag","total_euks",0.0163398030044463,0.338107105401249,0.00295888888032389,"T20-Rep1","T20","Rep1","Bag","Bag",12,2,2,20,"Background","CTD002","Niskins 8-10",3,2,2,0.5,0.142857142857143,"VD","Bag","Von Damm","Background"
"33","VD-BSW","VD","BSW-Bag","BSW","Bag","total_euks",0.0163398030044463,0.338107105401249,0.00295888888032389,"T20-Rep2","T20","Rep2","Bag","Bag",14,20,7,20,"Background","CTD002","Niskins 8-10",3,2,2,0.5,0.952380952380952,"VD","Bag","Von Damm","Background"
"34","VD-BSW","VD","BSW-Bag","BSW","Bag","total_euks",0.0163398030044463,0.338107105401249,0.00295888888032389,"T20-Rep3","T20","Rep3","Bag","Bag",9,2,1,20,"Background","CTD002","Niskins 8-10",3,2,2,0.5,0.2,"VD","Bag","Von Damm","Background"
"35","VD-BSW","VD","BSW-Bag","BSW","Bag","total_euks",0.0163398030044463,0.338107105401249,0.00295888888032389,"T40-Rep1","T40","Rep1","Bag","Bag",11,3,3,40,"Background","CTD002","Niskins 8-10",3,2,2,0.5,0.214285714285714,"VD","Bag","Von Damm","Background"
"36","VD-BSW","VD","BSW-Bag","BSW","Bag","total_euks",0.0163398030044463,0.338107105401249,0.00295888888032389,"T40-Rep2","T40","Rep2","Bag","Bag",11,8,6,40,"Background","CTD002","Niskins 8-10",3,2,2,0.5,0.470588235294118,"VD","Bag","Von Damm","Background"
"37","VD-BSW","VD","BSW-Bag","BSW","Bag","total_euks",0.0163398030044463,0.338107105401249,0.00295888888032389,"T40-Rep3","T40","Rep3","Bag","Bag",11,8,4,40,"Background","CTD002","Niskins 8-10",3,2,2,0.5,0.533333333333333,"VD","Bag","Von Damm","Background"
"38","VD-MustardStand","VD","MustardStand-Bag","MustardStand","Bag","total_euks",0.679501856435643,0.531653165316532,-0.00544554455445543,"T0-Rep1","T0","Rep1","Bag","Bag",8,6,3,0,"Vent","J2-1243","LV17",2,1.5,2,0.2,0.545454545454545,"VD","Bag","Von Damm","Mustard Stand"
"39","VD-MustardStand","VD","MustardStand-Bag","MustardStand","Bag","total_euks",0.679501856435643,0.531653165316532,-0.00544554455445543,"T0-Rep2","T0","Rep2","Bag","Bag",8,6,3,0,"Vent","J2-1243","LV17",2,1.5,2,0.2,0.545454545454545,"VD","Bag","Von Damm","Mustard Stand"
"40","VD-MustardStand","VD","MustardStand-Bag","MustardStand","Bag","total_euks",0.679501856435643,0.531653165316532,-0.00544554455445543,"T10-Rep1","T10","Rep1","Bag","Bag",8,5,2,10,"Vent","J2-1243","LV17",2,1.5,2,0.2,0.5,"VD","Bag","Von Damm","Mustard Stand"
"41","VD-MustardStand","VD","MustardStand-Bag","MustardStand","Bag","total_euks",0.679501856435643,0.531653165316532,-0.00544554455445543,"T20-Rep2","T20","Rep2","Bag","Bag",2,1,1,20,"Vent","J2-1243","LV17",2,1.5,2,0.2,0.333333333333333,"VD","Bag","Von Damm","Mustard Stand"
"42","VD-MustardStand","VD","MustardStand-Bag","MustardStand","Bag","total_euks",0.679501856435643,0.531653165316532,-0.00544554455445543,"T40-Rep1","T40","Rep1","Bag","Bag",7,2,1,40,"Vent","J2-1243","LV17",2,1.5,2,0.2,0.25,"VD","Bag","Von Damm","Mustard Stand"
"43","VD-MustardStand","VD","MustardStand-Bag","MustardStand","Bag","total_euks",0.679501856435643,0.531653165316532,-0.00544554455445543,"T40-Rep2","T40","Rep2","Bag","Bag",10,5,2,40,"Vent","J2-1243","LV17",2,1.5,2,0.2,0.416666666666667,"VD","Bag","Von Damm","Mustard Stand"
"44","VD-Plume","VD","Plume-Bag","Plume","Bag","total_euks",0.15245999752133,0.45659816185142,0.00527423075572689,"T0-Rep1","T0","Rep1","Bag","Bag",35,17,7,0,"Plume","CTD001","Niskin 2",3,2,2,1,0.404761904761905,"VD","Bag","Von Damm","Plume"
"45","VD-Plume","VD","Plume-Bag","Plume","Bag","total_euks",0.15245999752133,0.45659816185142,0.00527423075572689,"T0-Rep2","T0","Rep2","Bag","Bag",16,6,3,0,"Plume","CTD001","Niskin 2",3,2,2,1,0.315789473684211,"VD","Bag","Von Damm","Plume"
"46","VD-Plume","VD","Plume-Bag","Plume","Bag","total_euks",0.15245999752133,0.45659816185142,0.00527423075572689,"T0-Rep3","T0","Rep3","Bag","Bag",5,7,3,0,"Plume","CTD001","Niskin 2",3,2,2,1,0.875,"VD","Bag","Von Damm","Plume"
"47","VD-Plume","VD","Plume-Bag","Plume","Bag","total_euks",0.15245999752133,0.45659816185142,0.00527423075572689,"T10-Rep1","T10","Rep1","Bag","Bag",13,8,6,10,"Plume","CTD001","Niskin 2",3,2,2,1,0.421052631578947,"VD","Bag","Von Damm","Plume"
"48","VD-Plume","VD","Plume-Bag","Plume","Bag","total_euks",0.15245999752133,0.45659816185142,0.00527423075572689,"T10-Rep2","T10","Rep2","Bag","Bag",14,8,5,10,"Plume","CTD001","Niskin 2",3,2,2,1,0.421052631578947,"VD","Bag","Von Damm","Plume"
"49","VD-Plume","VD","Plume-Bag","Plume","Bag","total_euks",0.15245999752133,0.45659816185142,0.00527423075572689,"T10-Rep3","T10","Rep3","Bag","Bag",11,14,7,10,"Plume","CTD001","Niskin 2",3,2,2,1,0.777777777777778,"VD","Bag","Von Damm","Plume"
"50","VD-Plume","VD","Plume-Bag","Plume","Bag","total_euks",0.15245999752133,0.45659816185142,0.00527423075572689,"T15-Rep1","T15","Rep1","Bag","Bag",10,11,7,15,"Plume","CTD001","Niskin 2",3,2,2,1,0.647058823529412,"VD","Bag","Von Damm","Plume"
"51","VD-Plume","VD","Plume-Bag","Plume","Bag","total_euks",0.15245999752133,0.45659816185142,0.00527423075572689,"T15-Rep2","T15","Rep2","Bag","Bag",12,4,3,15,"Plume","CTD001","Niskin 2",3,2,2,1,0.266666666666667,"VD","Bag","Von Damm","Plume"
"52","VD-Plume","VD","Plume-Bag","Plume","Bag","total_euks",0.15245999752133,0.45659816185142,0.00527423075572689,"T15-Rep3","T15","Rep3","Bag","Bag",14,5,3,15,"Plume","CTD001","Niskin 2",3,2,2,1,0.294117647058824,"VD","Bag","Von Damm","Plume"
"53","VD-Plume","VD","Plume-Bag","Plume","Bag","total_euks",0.15245999752133,0.45659816185142,0.00527423075572689,"T20-Rep1","T20","Rep1","Bag","Bag",16,6,4,25,"Plume","CTD001","Niskin 2",3,2,2,1,0.3,"VD","Bag","Von Damm","Plume"
"54","VD-Plume","VD","Plume-Bag","Plume","Bag","total_euks",0.15245999752133,0.45659816185142,0.00527423075572689,"T20-Rep2","T20","Rep2","Bag","Bag",10,11,4,25,"Plume","CTD001","Niskin 2",3,2,2,1,0.785714285714286,"VD","Bag","Von Damm","Plume"
"55","VD-Plume","VD","Plume-Bag","Plume","Bag","total_euks",0.15245999752133,0.45659816185142,0.00527423075572689,"T20-Rep3","T20","Rep3","Bag","Bag",13,12,5,25,"Plume","CTD001","Niskin 2",3,2,2,1,0.666666666666667,"VD","Bag","Von Damm","Plume"
"56","VD-Plume","VD","Plume-Bag","Plume","Bag","total_euks",0.15245999752133,0.45659816185142,0.00527423075572689,"T40-Rep1","T40","Rep1","Bag","Bag",19,9,5,57,"Plume","CTD001","Niskin 2",3,2,2,1,0.375,"VD","Bag","Von Damm","Plume"
"57","VD-Plume","VD","Plume-Bag","Plume","Bag","total_euks",0.15245999752133,0.45659816185142,0.00527423075572689,"T40-Rep2","T40","Rep2","Bag","Bag",12,17,9,57,"Plume","CTD001","Niskin 2",3,2,2,1,0.80952380952381,"VD","Bag","Von Damm","Plume"
"58","VD-Plume","VD","Plume-Bag","Plume","Bag","total_euks",0.15245999752133,0.45659816185142,0.00527423075572689,"T40-Rep3","T40","Rep3","Bag","Bag",6,13,5,57,"Plume","CTD001","Niskin 2",3,2,2,1,1.18181818181818,"VD","Bag","Von Damm","Plume"
"59","VD-Rav2","VD","Rav2-Bag","Rav2","Bag","total_euks",0.003588551340282,0.968018145839097,0.00347021735159361,"T0-Rep1","T0","Rep1","Bag","Bag",11,16,5,0,"Vent","J2-1238","LV13a",3,1.5,2,0.5,1,"VD","Bag","Von Damm","Ravelin #2"
"60","VD-Rav2","VD","Rav2-Bag","Rav2","Bag","total_euks",0.003588551340282,0.968018145839097,0.00347021735159361,"T0-Rep2","T0","Rep2","Bag","Bag",19,6,4,0,"Vent","J2-1238","LV13a",3,1.5,2,0.5,0.260869565217391,"VD","Bag","Von Damm","Ravelin #2"
"61","VD-Rav2","VD","Rav2-Bag","Rav2","Bag","total_euks",0.003588551340282,0.968018145839097,0.00347021735159361,"T10-Rep1","T10","Rep1","Bag","Bag",5,17,5,10,"Vent","J2-1238","LV13a",3,1.5,2,0.5,1.7,"VD","Bag","Von Damm","Ravelin #2"
"62","VD-Rav2","VD","Rav2-Bag","Rav2","Bag","total_euks",0.003588551340282,0.968018145839097,0.00347021735159361,"T10-Rep2","T10","Rep2","Bag","Bag",15,4,3,10,"Vent","J2-1238","LV13a",3,1.5,2,0.5,0.222222222222222,"VD","Bag","Von Damm","Ravelin #2"
"63","VD-Rav2","VD","Rav2-Bag","Rav2","Bag","total_euks",0.003588551340282,0.968018145839097,0.00347021735159361,"T15-Rep1","T15","Rep1","Bag","Bag",9,19,7,15,"Vent","J2-1238","LV13a",3,1.5,2,0.5,1.1875,"VD","Bag","Von Damm","Ravelin #2"
"64","VD-Rav2","VD","Rav2-Bag","Rav2","Bag","total_euks",0.003588551340282,0.968018145839097,0.00347021735159361,"T15-Rep2","T15","Rep2","Bag","Bag",18,11,7,15,"Vent","J2-1238","LV13a",3,1.5,2,0.5,0.44,"VD","Bag","Von Damm","Ravelin #2"
"65","VD-Rav2","VD","Rav2-Bag","Rav2","Bag","total_euks",0.003588551340282,0.968018145839097,0.00347021735159361,"T15-Rep3","T15","Rep3","Bag","Bag",2,11,3,15,"Vent","J2-1238","LV13a",3,1.5,2,0.5,2.2,"VD","Bag","Von Damm","Ravelin #2"
"66","VD-Rav2","VD","Rav2-Bag","Rav2","Bag","total_euks",0.003588551340282,0.968018145839097,0.00347021735159361,"T20-Rep1","T20","Rep1","Bag","Bag",7,38,9,21,"Vent","J2-1238","LV13a",3,1.5,2,0.5,2.375,"VD","Bag","Von Damm","Ravelin #2"
"67","VD-Rav2","VD","Rav2-Bag","Rav2","Bag","total_euks",0.003588551340282,0.968018145839097,0.00347021735159361,"T20-Rep2","T20","Rep2","Bag","Bag",16,5,4,21,"Vent","J2-1238","LV13a",3,1.5,2,0.5,0.25,"VD","Bag","Von Damm","Ravelin #2"
"68","VD-Rav2","VD","Rav2-Bag","Rav2","Bag","total_euks",0.003588551340282,0.968018145839097,0.00347021735159361,"T40-Rep1","T40","Rep1","Bag","Bag",17,25,9,40,"Vent","J2-1238","LV13a",3,1.5,2,0.5,0.961538461538462,"VD","Bag","Von Damm","Ravelin #2"
"69","VD-Rav2","VD","Rav2-Bag","Rav2","Bag","total_euks",0.003588551340282,0.968018145839097,0.00347021735159361,"T40-Rep2","T40","Rep2","Bag","Bag",17,14,3,40,"Vent","J2-1238","LV13a",3,1.5,2,0.5,0.7,"VD","Bag","Von Damm","Ravelin #2"
"70","VD-ShrimpHole","VD","ShrimpHole-Bag","ShrimpHole","Bag","total_euks",0.00243634176006455,0.898415552250779,-0.00196725307520757,"T0-Rep1","T0","Rep1","Bag","Bag",8,18,7,0,"Vent","J2-1244","LV13",2,1.5,2,0.2,1.2,"VD","Bag","Von Damm","Shrimp Hole"
"71","VD-ShrimpHole","VD","ShrimpHole-Bag","ShrimpHole","Bag","total_euks",0.00243634176006455,0.898415552250779,-0.00196725307520757,"T0-Rep2","T0","Rep2","Bag","Bag",8,29,10,0,"Vent","J2-1244","LV13",2,1.5,2,0.2,1.61111111111111,"VD","Bag","Von Damm","Shrimp Hole"
"72","VD-ShrimpHole","VD","ShrimpHole-Bag","ShrimpHole","Bag","total_euks",0.00243634176006455,0.898415552250779,-0.00196725307520757,"T10-Rep1","T10","Rep1","Bag","Bag",11,4,2,10,"Vent","J2-1244","LV13",2,1.5,2,0.2,0.307692307692308,"VD","Bag","Von Damm","Shrimp Hole"
"73","VD-ShrimpHole","VD","ShrimpHole-Bag","ShrimpHole","Bag","total_euks",0.00243634176006455,0.898415552250779,-0.00196725307520757,"T10-Rep2","T10","Rep2","Bag","Bag",12,12,4,10,"Vent","J2-1244","LV13",2,1.5,2,0.2,0.75,"VD","Bag","Von Damm","Shrimp Hole"
"74","VD-ShrimpHole","VD","ShrimpHole-Bag","ShrimpHole","Bag","total_euks",0.00243634176006455,0.898415552250779,-0.00196725307520757,"T15-Rep1","T15","Rep1","Bag","Bag",8,9,5,15,"Vent","J2-1244","LV13",2,1.5,2,0.2,0.692307692307692,"VD","Bag","Von Damm","Shrimp Hole"
"75","VD-ShrimpHole","VD","ShrimpHole-Bag","ShrimpHole","Bag","total_euks",0.00243634176006455,0.898415552250779,-0.00196725307520757,"T15-Rep2","T15","Rep2","Bag","Bag",8,14,5,15,"Vent","J2-1244","LV13",2,1.5,2,0.2,1.07692307692308,"VD","Bag","Von Damm","Shrimp Hole"
"76","VD-ShrimpHole","VD","ShrimpHole-Bag","ShrimpHole","Bag","total_euks",0.00243634176006455,0.898415552250779,-0.00196725307520757,"T20-Rep1","T20","Rep1","Bag","Bag",4,1,1,20,"Vent","J2-1244","LV13",2,1.5,2,0.2,0.2,"VD","Bag","Von Damm","Shrimp Hole"
"77","VD-ShrimpHole","VD","ShrimpHole-Bag","ShrimpHole","Bag","total_euks",0.00243634176006455,0.898415552250779,-0.00196725307520757,"T20-Rep2","T20","Rep2","Bag","Bag",10,6,2,20,"Vent","J2-1244","LV13",2,1.5,2,0.2,0.5,"VD","Bag","Von Damm","Shrimp Hole"
"78","VD-ShrimpHole","VD","ShrimpHole-Bag","ShrimpHole","Bag","total_euks",0.00243634176006455,0.898415552250779,-0.00196725307520757,"T40-Rep1","T40","Rep1","Bag","Bag",7,5,4,40,"Vent","J2-1244","LV13",2,1.5,2,0.2,0.454545454545455,"VD","Bag","Von Damm","Shrimp Hole"
"79","VD-ShrimpHole","VD","ShrimpHole-Bag","ShrimpHole","Bag","total_euks",0.00243634176006455,0.898415552250779,-0.00196725307520757,"T40-Rep2","T40","Rep2","Bag","Bag",2,13,5,40,"Vent","J2-1244","LV13",2,1.5,2,0.2,1.85714285714286,"VD","Bag","Von Damm","Shrimp Hole"
"80","VD-X18","VD","X18-Bag","X18","Bag","total_euks",0.00791737698887144,0.393726460637103,0.00174442859939043,"T0-Rep1","T0","Rep1","Bag","Bag",10,0,0,0,"Vent","J2-1235","LV23 & Bio5",2,1.5,2,0.5,0,"VD","Bag","Von Damm","X-18"
"81","VD-X18","VD","X18-Bag","X18","Bag","total_euks",0.00791737698887144,0.393726460637103,0.00174442859939043,"T0-Rep2","T0","Rep2","Bag","Bag",15,9,5,0,"Vent","J2-1235","LV23 & Bio5",2,1.5,2,0.5,0.45,"VD","Bag","Von Damm","X-18"
"82","VD-X18","VD","X18-Bag","X18","Bag","total_euks",0.00791737698887144,0.393726460637103,0.00174442859939043,"T15-Rep1","T15","Rep1","Bag","Bag",14,2,1,15,"Vent","J2-1235","LV23 & Bio5",2,1.5,2,0.5,0.133333333333333,"VD","Bag","Von Damm","X-18"
"83","VD-X18","VD","X18-Bag","X18","Bag","total_euks",0.00791737698887144,0.393726460637103,0.00174442859939043,"T15-Rep2","T15","Rep2","Bag","Bag",14,19,11,15,"Vent","J2-1235","LV23 & Bio5",2,1.5,2,0.5,0.76,"VD","Bag","Von Damm","X-18"
"84","VD-X18","VD","X18-Bag","X18","Bag","total_euks",0.00791737698887144,0.393726460637103,0.00174442859939043,"T20-Rep1","T20","Rep1","Bag","Bag",7,11,6,20,"Vent","J2-1235","LV23 & Bio5",2,1.5,2,0.5,0.846153846153846,"VD","Bag","Von Damm","X-18"
"85","VD-X18","VD","X18-Bag","X18","Bag","total_euks",0.00791737698887144,0.393726460637103,0.00174442859939043,"T20-Rep2","T20","Rep2","Bag","Bag",15,13,6,20,"Vent","J2-1235","LV23 & Bio5",2,1.5,2,0.5,0.619047619047619,"VD","Bag","Von Damm","X-18"
"86","VD-X18","VD","X18-Bag","X18","Bag","total_euks",0.00791737698887144,0.393726460637103,0.00174442859939043,"T40-Rep1","T40","Rep1","Bag","Bag",10,3,2,40,"Vent","J2-1235","LV23 & Bio5",2,1.5,2,0.5,0.25,"VD","Bag","Von Damm","X-18"
"87","VD-X18","VD","X18-Bag","X18","Bag","total_euks",0.00791737698887144,0.393726460637103,0.00174442859939043,"T40-Rep2","T40","Rep2","Bag","Bag",13,6,4,40,"Vent","J2-1235","LV23 & Bio5",2,1.5,2,0.5,0.352941176470588,"VD","Bag","Von Damm","X-18"
"88","Piccard-LotsOShrimp","Piccard","LotsOShrimp-Bag","LotsOShrimp","Bag","micro_size",0,0.5,NA,"T0-Rep3","T0","Rep3","Bag","Bag",0,0,0,0,"Vent","J2-1241","LV24",3,1.5,2,0.2,NA,"Piccard","Bag","Piccard","Lots 'O Shrimp"
"89","Piccard-LotsOShrimp","Piccard","LotsOShrimp-Bag","LotsOShrimp","Bag","micro_size",0,0.5,NA,"T15-Rep3","T15","Rep3","Bag","Bag",1,1,1,15,"Vent","J2-1241","LV24",3,1.5,2,0.2,0.5,"Piccard","Bag","Piccard","Lots 'O Shrimp"
"90","Piccard-LotsOShrimp","Piccard","LotsOShrimp-Bag","LotsOShrimp","Bag","micro_size",0,0.5,NA,"T20-Rep3","T20","Rep3","Bag","Bag",0,0,0,20,"Vent","J2-1241","LV24",3,1.5,2,0.2,NA,"Piccard","Bag","Piccard","Lots 'O Shrimp"
"91","Piccard-LotsOShrimp","Piccard","LotsOShrimp-Bag","LotsOShrimp","Bag","micro_size",0,0.5,NA,"T40-Rep3","T40","Rep3","Bag","Bag",0,0,0,40,"Vent","J2-1241","LV24",3,1.5,2,0.2,NA,"Piccard","Bag","Piccard","Lots 'O Shrimp"
"92","Piccard-LotsOShrimp","Piccard","LotsOShrimp-Bag","LotsOShrimp","Bag","nano_size",0.723950256620612,0.341522091140412,-0.00746703678001388,"T0-Rep3","T0","Rep3","Bag","Bag",9,3,2,0,"Vent","J2-1241","LV24",3,1.5,2,0.2,0.272727272727273,"Piccard","Bag","Piccard","Lots 'O Shrimp"
"93","Piccard-LotsOShrimp","Piccard","LotsOShrimp-Bag","LotsOShrimp","Bag","nano_size",0.723950256620612,0.341522091140412,-0.00746703678001388,"T15-Rep3","T15","Rep3","Bag","Bag",7,3,2,15,"Vent","J2-1241","LV24",3,1.5,2,0.2,0.333333333333333,"Piccard","Bag","Piccard","Lots 'O Shrimp"
"94","Piccard-LotsOShrimp","Piccard","LotsOShrimp-Bag","LotsOShrimp","Bag","nano_size",0.723950256620612,0.341522091140412,-0.00746703678001388,"T20-Rep3","T20","Rep3","Bag","Bag",9,2,1,20,"Vent","J2-1241","LV24",3,1.5,2,0.2,0.2,"Piccard","Bag","Piccard","Lots 'O Shrimp"
"95","Piccard-LotsOShrimp","Piccard","LotsOShrimp-Bag","LotsOShrimp","Bag","nano_size",0.723950256620612,0.341522091140412,-0.00746703678001388,"T40-Rep3","T40","Rep3","Bag","Bag",5,0,0,40,"Vent","J2-1241","LV24",3,1.5,2,0.2,0,"Piccard","Bag","Piccard","Lots 'O Shrimp"
"96","Piccard-Plume","Piccard","Plume-Bag","Plume","Bag","micro_size",0.0310273922303004,1.84477124183007,-0.0212418300653595,"T0-Rep1","T0","Rep1","Bag","Bag",0,2,1,0,"Plume","CTD004","Niskin 10",3,2,2,0.5,2,"Piccard","Bag","Piccard","Plume"
"97","Piccard-Plume","Piccard","Plume-Bag","Plume","Bag","micro_size",0.0310273922303004,1.84477124183007,-0.0212418300653595,"T0-Rep2","T0","Rep2","Bag","Bag",0,3,2,0,"Plume","CTD004","Niskin 10",3,2,2,0.5,1.5,"Piccard","Bag","Piccard","Plume"
"98","Piccard-Plume","Piccard","Plume-Bag","Plume","Bag","micro_size",0.0310273922303004,1.84477124183007,-0.0212418300653595,"T0-Rep3","T0","Rep3","Bag","Bag",1,0,0,0,"Plume","CTD004","Niskin 10",3,2,2,0.5,0,"Piccard","Bag","Piccard","Plume"
"99","Piccard-Plume","Piccard","Plume-Bag","Plume","Bag","micro_size",0.0310273922303004,1.84477124183007,-0.0212418300653595,"T10-Rep1","T10","Rep1","Bag","Bag",0,0,0,10,"Plume","CTD004","Niskin 10",3,2,2,0.5,NA,"Piccard","Bag","Piccard","Plume"
"100","Piccard-Plume","Piccard","Plume-Bag","Plume","Bag","micro_size",0.0310273922303004,1.84477124183007,-0.0212418300653595,"T10-Rep2","T10","Rep2","Bag","Bag",0,0,0,10,"Plume","CTD004","Niskin 10",3,2,2,0.5,NA,"Piccard","Bag","Piccard","Plume"
"101","Piccard-Plume","Piccard","Plume-Bag","Plume","Bag","micro_size",0.0310273922303004,1.84477124183007,-0.0212418300653595,"T10-Rep3","T10","Rep3","Bag","Bag",1,3,1,10,"Plume","CTD004","Niskin 10",3,2,2,0.5,1.5,"Piccard","Bag","Piccard","Plume"
"102","Piccard-Plume","Piccard","Plume-Bag","Plume","Bag","micro_size",0.0310273922303004,1.84477124183007,-0.0212418300653595,"T15-Rep1","T15","Rep1","Bag","Bag",0,1,1,15,"Plume","CTD004","Niskin 10",3,2,2,0.5,1,"Piccard","Bag","Piccard","Plume"
"103","Piccard-Plume","Piccard","Plume-Bag","Plume","Bag","micro_size",0.0310273922303004,1.84477124183007,-0.0212418300653595,"T15-Rep2","T15","Rep2","Bag","Bag",0,4,1,15,"Plume","CTD004","Niskin 10",3,2,2,0.5,4,"Piccard","Bag","Piccard","Plume"
"104","Piccard-Plume","Piccard","Plume-Bag","Plume","Bag","micro_size",0.0310273922303004,1.84477124183007,-0.0212418300653595,"T15-Rep3","T15","Rep3","Bag","Bag",0,8,2,15,"Plume","CTD004","Niskin 10",3,2,2,0.5,4,"Piccard","Bag","Piccard","Plume"
"105","Piccard-Plume","Piccard","Plume-Bag","Plume","Bag","micro_size",0.0310273922303004,1.84477124183007,-0.0212418300653595,"T20-Rep1","T20","Rep1","Bag","Bag",0,1,1,20,"Plume","CTD004","Niskin 10",3,2,2,0.5,1,"Piccard","Bag","Piccard","Plume"
"106","Piccard-Plume","Piccard","Plume-Bag","Plume","Bag","micro_size",0.0310273922303004,1.84477124183007,-0.0212418300653595,"T20-Rep2","T20","Rep2","Bag","Bag",0,2,1,20,"Plume","CTD004","Niskin 10",3,2,2,0.5,2,"Piccard","Bag","Piccard","Plume"
"107","Piccard-Plume","Piccard","Plume-Bag","Plume","Bag","micro_size",0.0310273922303004,1.84477124183007,-0.0212418300653595,"T20-Rep3","T20","Rep3","Bag","Bag",1,0,0,20,"Plume","CTD004","Niskin 10",3,2,2,0.5,0,"Piccard","Bag","Piccard","Plume"
"108","Piccard-Plume","Piccard","Plume-Bag","Plume","Bag","micro_size",0.0310273922303004,1.84477124183007,-0.0212418300653595,"T40-Rep1","T40","Rep1","Bag","Bag",0,0,0,40,"Plume","CTD004","Niskin 10",3,2,2,0.5,NA,"Piccard","Bag","Piccard","Plume"
"109","Piccard-Plume","Piccard","Plume-Bag","Plume","Bag","micro_size",0.0310273922303004,1.84477124183007,-0.0212418300653595,"T40-Rep2","T40","Rep2","Bag","Bag",0,0,0,40,"Plume","CTD004","Niskin 10",3,2,2,0.5,NA,"Piccard","Bag","Piccard","Plume"
"110","Piccard-Plume","Piccard","Plume-Bag","Plume","Bag","micro_size",0.0310273922303004,1.84477124183007,-0.0212418300653595,"T40-Rep3","T40","Rep3","Bag","Bag",1,0,0,40,"Plume","CTD004","Niskin 10",3,2,2,0.5,0,"Piccard","Bag","Piccard","Plume"
"111","Piccard-Plume","Piccard","Plume-Bag","Plume","Bag","nano_size",0.134388230750183,0.565721021402839,0.0091465352828989,"T0-Rep1","T0","Rep1","Bag","Bag",6,4,3,0,"Plume","CTD004","Niskin 10",3,2,2,0.5,0.444444444444444,"Piccard","Bag","Piccard","Plume"
"112","Piccard-Plume","Piccard","Plume-Bag","Plume","Bag","nano_size",0.134388230750183,0.565721021402839,0.0091465352828989,"T0-Rep2","T0","Rep2","Bag","Bag",5,2,1,0,"Plume","CTD004","Niskin 10",3,2,2,0.5,0.333333333333333,"Piccard","Bag","Piccard","Plume"
"113","Piccard-Plume","Piccard","Plume-Bag","Plume","Bag","nano_size",0.134388230750183,0.565721021402839,0.0091465352828989,"T0-Rep3","T0","Rep3","Bag","Bag",10,8,5,0,"Plume","CTD004","Niskin 10",3,2,2,0.5,0.533333333333333,"Piccard","Bag","Piccard","Plume"
"114","Piccard-Plume","Piccard","Plume-Bag","Plume","Bag","nano_size",0.134388230750183,0.565721021402839,0.0091465352828989,"T10-Rep1","T10","Rep1","Bag","Bag",8,6,5,10,"Plume","CTD004","Niskin 10",3,2,2,0.5,0.461538461538462,"Piccard","Bag","Piccard","Plume"
"115","Piccard-Plume","Piccard","Plume-Bag","Plume","Bag","nano_size",0.134388230750183,0.565721021402839,0.0091465352828989,"T10-Rep2","T10","Rep2","Bag","Bag",2,3,2,10,"Plume","CTD004","Niskin 10",3,2,2,0.5,0.75,"Piccard","Bag","Piccard","Plume"
"116","Piccard-Plume","Piccard","Plume-Bag","Plume","Bag","nano_size",0.134388230750183,0.565721021402839,0.0091465352828989,"T10-Rep3","T10","Rep3","Bag","Bag",8,9,4,10,"Plume","CTD004","Niskin 10",3,2,2,0.5,0.75,"Piccard","Bag","Piccard","Plume"
"117","Piccard-Plume","Piccard","Plume-Bag","Plume","Bag","nano_size",0.134388230750183,0.565721021402839,0.0091465352828989,"T15-Rep1","T15","Rep1","Bag","Bag",10,7,3,15,"Plume","CTD004","Niskin 10",3,2,2,0.5,0.538461538461538,"Piccard","Bag","Piccard","Plume"
"118","Piccard-Plume","Piccard","Plume-Bag","Plume","Bag","nano_size",0.134388230750183,0.565721021402839,0.0091465352828989,"T15-Rep2","T15","Rep2","Bag","Bag",1,7,4,15,"Plume","CTD004","Niskin 10",3,2,2,0.5,1.4,"Piccard","Bag","Piccard","Plume"
"119","Piccard-Plume","Piccard","Plume-Bag","Plume","Bag","nano_size",0.134388230750183,0.565721021402839,0.0091465352828989,"T15-Rep3","T15","Rep3","Bag","Bag",5,11,4,15,"Plume","CTD004","Niskin 10",3,2,2,0.5,1.22222222222222,"Piccard","Bag","Piccard","Plume"
"120","Piccard-Plume","Piccard","Plume-Bag","Plume","Bag","nano_size",0.134388230750183,0.565721021402839,0.0091465352828989,"T20-Rep1","T20","Rep1","Bag","Bag",5,4,3,20,"Plume","CTD004","Niskin 10",3,2,2,0.5,0.5,"Piccard","Bag","Piccard","Plume"
"121","Piccard-Plume","Piccard","Plume-Bag","Plume","Bag","nano_size",0.134388230750183,0.565721021402839,0.0091465352828989,"T20-Rep2","T20","Rep2","Bag","Bag",3,2,2,20,"Plume","CTD004","Niskin 10",3,2,2,0.5,0.4,"Piccard","Bag","Piccard","Plume"
"122","Piccard-Plume","Piccard","Plume-Bag","Plume","Bag","nano_size",0.134388230750183,0.565721021402839,0.0091465352828989,"T20-Rep3","T20","Rep3","Bag","Bag",6,9,5,20,"Plume","CTD004","Niskin 10",3,2,2,0.5,0.818181818181818,"Piccard","Bag","Piccard","Plume"
"123","Piccard-Plume","Piccard","Plume-Bag","Plume","Bag","nano_size",0.134388230750183,0.565721021402839,0.0091465352828989,"T40-Rep1","T40","Rep1","Bag","Bag",5,11,4,40,"Plume","CTD004","Niskin 10",3,2,2,0.5,1.22222222222222,"Piccard","Bag","Piccard","Plume"
"124","Piccard-Plume","Piccard","Plume-Bag","Plume","Bag","nano_size",0.134388230750183,0.565721021402839,0.0091465352828989,"T40-Rep2","T40","Rep2","Bag","Bag",1,2,1,40,"Plume","CTD004","Niskin 10",3,2,2,0.5,1,"Piccard","Bag","Piccard","Plume"
"125","Piccard-Plume","Piccard","Plume-Bag","Plume","Bag","nano_size",0.134388230750183,0.565721021402839,0.0091465352828989,"T40-Rep3","T40","Rep3","Bag","Bag",6,4,3,40,"Plume","CTD004","Niskin 10",3,2,2,0.5,0.444444444444444,"Piccard","Bag","Piccard","Plume"
"126","Piccard-Shrimpocalypse","Piccard","Shrimpocalypse-Bag","Shrimpocalypse","Bag","micro_size",0.0164884468705601,1.89710610932476,-0.0168810289389068,"T0-Rep3","T0","Rep3","Bag","Bag",1,0,0,0,"Vent","J2-1240","LV13",3,1.5,2,0.2,0,"Piccard","Bag","Piccard","Shrimpocalypse"
"127","Piccard-Shrimpocalypse","Piccard","Shrimpocalypse-Bag","Shrimpocalypse","Bag","micro_size",0.0164884468705601,1.89710610932476,-0.0168810289389068,"T10-Rep3","T10","Rep3","Bag","Bag",0,1,1,10,"Vent","J2-1240","LV13",3,1.5,2,0.2,1,"Piccard","Bag","Piccard","Shrimpocalypse"
"128","Piccard-Shrimpocalypse","Piccard","Shrimpocalypse-Bag","Shrimpocalypse","Bag","micro_size",0.0164884468705601,1.89710610932476,-0.0168810289389068,"T15-Rep3","T15","Rep3","Bag","Bag",0,5,1,14,"Vent","J2-1240","LV13",3,1.5,2,0.2,5,"Piccard","Bag","Piccard","Shrimpocalypse"
"129","Piccard-Shrimpocalypse","Piccard","Shrimpocalypse-Bag","Shrimpocalypse","Bag","micro_size",0.0164884468705601,1.89710610932476,-0.0168810289389068,"T20-Rep3","T20","Rep3","Bag","Bag",0,2,1,22,"Vent","J2-1240","LV13",3,1.5,2,0.2,2,"Piccard","Bag","Piccard","Shrimpocalypse"
"130","Piccard-Shrimpocalypse","Piccard","Shrimpocalypse-Bag","Shrimpocalypse","Bag","micro_size",0.0164884468705601,1.89710610932476,-0.0168810289389068,"T40-Rep3","T40","Rep3","Bag","Bag",1,0,0,42,"Vent","J2-1240","LV13",3,1.5,2,0.2,0,"Piccard","Bag","Piccard","Shrimpocalypse"
"131","Piccard-Shrimpocalypse","Piccard","Shrimpocalypse-Bag","Shrimpocalypse","Bag","nano_size",0.219942841115147,0.579367631296892,0.0229671654711848,"T0-Rep3","T0","Rep3","Bag","Bag",8,9,4,0,"Vent","J2-1240","LV13",3,1.5,2,0.2,0.75,"Piccard","Bag","Piccard","Shrimpocalypse"
"132","Piccard-Shrimpocalypse","Piccard","Shrimpocalypse-Bag","Shrimpocalypse","Bag","nano_size",0.219942841115147,0.579367631296892,0.0229671654711848,"T10-Rep3","T10","Rep3","Bag","Bag",10,5,3,10,"Vent","J2-1240","LV13",3,1.5,2,0.2,0.384615384615385,"Piccard","Bag","Piccard","Shrimpocalypse"
"133","Piccard-Shrimpocalypse","Piccard","Shrimpocalypse-Bag","Shrimpocalypse","Bag","nano_size",0.219942841115147,0.579367631296892,0.0229671654711848,"T15-Rep3","T15","Rep3","Bag","Bag",8,3,1,14,"Vent","J2-1240","LV13",3,1.5,2,0.2,0.333333333333333,"Piccard","Bag","Piccard","Shrimpocalypse"
"134","Piccard-Shrimpocalypse","Piccard","Shrimpocalypse-Bag","Shrimpocalypse","Bag","nano_size",0.219942841115147,0.579367631296892,0.0229671654711848,"T20-Rep3","T20","Rep3","Bag","Bag",1,11,4,22,"Vent","J2-1240","LV13",3,1.5,2,0.2,2.2,"Piccard","Bag","Piccard","Shrimpocalypse"
"135","Piccard-Shrimpocalypse","Piccard","Shrimpocalypse-Bag","Shrimpocalypse","Bag","nano_size",0.219942841115147,0.579367631296892,0.0229671654711848,"T40-Rep3","T40","Rep3","Bag","Bag",1,5,3,42,"Vent","J2-1240","LV13",3,1.5,2,0.2,1.25,"Piccard","Bag","Piccard","Shrimpocalypse"
"136","VD-BSW","VD","BSW-Bag","BSW","Bag","micro_size",0.289513466738981,1.45183823529412,-0.0271813725490196,"T0-Rep1","T0","Rep1","Bag","Bag",0,0,0,0,"Background","CTD002","Niskins 8-10",3,2,2,0.5,NA,"VD","Bag","Von Damm","Background"
"137","VD-BSW","VD","BSW-Bag","BSW","Bag","micro_size",0.289513466738981,1.45183823529412,-0.0271813725490196,"T0-Rep2","T0","Rep2","Bag","Bag",0,0,0,0,"Background","CTD002","Niskins 8-10",3,2,2,0.5,NA,"VD","Bag","Von Damm","Background"
"138","VD-BSW","VD","BSW-Bag","BSW","Bag","micro_size",0.289513466738981,1.45183823529412,-0.0271813725490196,"T10-Rep2","T10","Rep2","Bag","Bag",2,4,2,10,"Background","CTD002","Niskins 8-10",3,2,2,0.5,1,"VD","Bag","Von Damm","Background"
"139","VD-BSW","VD","BSW-Bag","BSW","Bag","micro_size",0.289513466738981,1.45183823529412,-0.0271813725490196,"T10-Rep3","T10","Rep3","Bag","Bag",1,3,1,10,"Background","CTD002","Niskins 8-10",3,2,2,0.5,1.5,"VD","Bag","Von Damm","Background"
"140","VD-BSW","VD","BSW-Bag","BSW","Bag","micro_size",0.289513466738981,1.45183823529412,-0.0271813725490196,"T15-Rep1","T15","Rep1","Bag","Bag",0,2,1,15,"Background","CTD002","Niskins 8-10",3,2,2,0.5,2,"VD","Bag","Von Damm","Background"
"141","VD-BSW","VD","BSW-Bag","BSW","Bag","micro_size",0.289513466738981,1.45183823529412,-0.0271813725490196,"T15-Rep2","T15","Rep2","Bag","Bag",1,1,1,15,"Background","CTD002","Niskins 8-10",3,2,2,0.5,0.5,"VD","Bag","Von Damm","Background"
"142","VD-BSW","VD","BSW-Bag","BSW","Bag","micro_size",0.289513466738981,1.45183823529412,-0.0271813725490196,"T15-Rep3","T15","Rep3","Bag","Bag",0,0,0,15,"Background","CTD002","Niskins 8-10",3,2,2,0.5,NA,"VD","Bag","Von Damm","Background"
"143","VD-BSW","VD","BSW-Bag","BSW","Bag","micro_size",0.289513466738981,1.45183823529412,-0.0271813725490196,"T20-Rep1","T20","Rep1","Bag","Bag",1,0,0,20,"Background","CTD002","Niskins 8-10",3,2,2,0.5,0,"VD","Bag","Von Damm","Background"
"144","VD-BSW","VD","BSW-Bag","BSW","Bag","micro_size",0.289513466738981,1.45183823529412,-0.0271813725490196,"T20-Rep2","T20","Rep2","Bag","Bag",4,5,1,20,"Background","CTD002","Niskins 8-10",3,2,2,0.5,1,"VD","Bag","Von Damm","Background"
"145","VD-BSW","VD","BSW-Bag","BSW","Bag","micro_size",0.289513466738981,1.45183823529412,-0.0271813725490196,"T20-Rep3","T20","Rep3","Bag","Bag",1,2,1,20,"Background","CTD002","Niskins 8-10",3,2,2,0.5,1,"VD","Bag","Von Damm","Background"
"146","VD-BSW","VD","BSW-Bag","BSW","Bag","micro_size",0.289513466738981,1.45183823529412,-0.0271813725490196,"T40-Rep1","T40","Rep1","Bag","Bag",1,2,2,40,"Background","CTD002","Niskins 8-10",3,2,2,0.5,0.666666666666667,"VD","Bag","Von Damm","Background"
"147","VD-BSW","VD","BSW-Bag","BSW","Bag","micro_size",0.289513466738981,1.45183823529412,-0.0271813725490196,"T40-Rep2","T40","Rep2","Bag","Bag",3,3,2,40,"Background","CTD002","Niskins 8-10",3,2,2,0.5,0.6,"VD","Bag","Von Damm","Background"
"148","VD-BSW","VD","BSW-Bag","BSW","Bag","micro_size",0.289513466738981,1.45183823529412,-0.0271813725490196,"T40-Rep3","T40","Rep3","Bag","Bag",2,0,0,40,"Background","CTD002","Niskins 8-10",3,2,2,0.5,0,"VD","Bag","Von Damm","Background"
"149","VD-BSW","VD","BSW-Bag","BSW","Bag","nano_size",0.0151524033768531,0.293470558738312,0.00285686327928325,"T0-Rep1","T0","Rep1","Bag","Bag",12,1,1,0,"Background","CTD002","Niskins 8-10",3,2,2,0.5,0.0769230769230769,"VD","Bag","Von Damm","Background"
"150","VD-BSW","VD","BSW-Bag","BSW","Bag","nano_size",0.0151524033768531,0.293470558738312,0.00285686327928325,"T0-Rep2","T0","Rep2","Bag","Bag",9,1,1,0,"Background","CTD002","Niskins 8-10",3,2,2,0.5,0.1,"VD","Bag","Von Damm","Background"
"151","VD-BSW","VD","BSW-Bag","BSW","Bag","nano_size",0.0151524033768531,0.293470558738312,0.00285686327928325,"T10-Rep2","T10","Rep2","Bag","Bag",14,11,5,10,"Background","CTD002","Niskins 8-10",3,2,2,0.5,0.578947368421053,"VD","Bag","Von Damm","Background"
"152","VD-BSW","VD","BSW-Bag","BSW","Bag","nano_size",0.0151524033768531,0.293470558738312,0.00285686327928325,"T10-Rep3","T10","Rep3","Bag","Bag",6,10,6,10,"Background","CTD002","Niskins 8-10",3,2,2,0.5,0.833333333333333,"VD","Bag","Von Damm","Background"
"153","VD-BSW","VD","BSW-Bag","BSW","Bag","nano_size",0.0151524033768531,0.293470558738312,0.00285686327928325,"T15-Rep1","T15","Rep1","Bag","Bag",10,6,3,15,"Background","CTD002","Niskins 8-10",3,2,2,0.5,0.461538461538462,"VD","Bag","Von Damm","Background"
"154","VD-BSW","VD","BSW-Bag","BSW","Bag","nano_size",0.0151524033768531,0.293470558738312,0.00285686327928325,"T15-Rep2","T15","Rep2","Bag","Bag",13,4,3,15,"Background","CTD002","Niskins 8-10",3,2,2,0.5,0.25,"VD","Bag","Von Damm","Background"
"155","VD-BSW","VD","BSW-Bag","BSW","Bag","nano_size",0.0151524033768531,0.293470558738312,0.00285686327928325,"T15-Rep3","T15","Rep3","Bag","Bag",7,0,0,15,"Background","CTD002","Niskins 8-10",3,2,2,0.5,0,"VD","Bag","Von Damm","Background"
"156","VD-BSW","VD","BSW-Bag","BSW","Bag","nano_size",0.0151524033768531,0.293470558738312,0.00285686327928325,"T20-Rep1","T20","Rep1","Bag","Bag",11,2,2,20,"Background","CTD002","Niskins 8-10",3,2,2,0.5,0.153846153846154,"VD","Bag","Von Damm","Background"
"157","VD-BSW","VD","BSW-Bag","BSW","Bag","nano_size",0.0151524033768531,0.293470558738312,0.00285686327928325,"T20-Rep2","T20","Rep2","Bag","Bag",10,15,6,20,"Background","CTD002","Niskins 8-10",3,2,2,0.5,0.9375,"VD","Bag","Von Damm","Background"
"158","VD-BSW","VD","BSW-Bag","BSW","Bag","nano_size",0.0151524033768531,0.293470558738312,0.00285686327928325,"T20-Rep3","T20","Rep3","Bag","Bag",8,0,0,20,"Background","CTD002","Niskins 8-10",3,2,2,0.5,0,"VD","Bag","Von Damm","Background"
"159","VD-BSW","VD","BSW-Bag","BSW","Bag","nano_size",0.0151524033768531,0.293470558738312,0.00285686327928325,"T40-Rep1","T40","Rep1","Bag","Bag",10,1,1,40,"Background","CTD002","Niskins 8-10",3,2,2,0.5,0.0909090909090909,"VD","Bag","Von Damm","Background"
"160","VD-BSW","VD","BSW-Bag","BSW","Bag","nano_size",0.0151524033768531,0.293470558738312,0.00285686327928325,"T40-Rep2","T40","Rep2","Bag","Bag",8,5,4,40,"Background","CTD002","Niskins 8-10",3,2,2,0.5,0.416666666666667,"VD","Bag","Von Damm","Background"
"161","VD-BSW","VD","BSW-Bag","BSW","Bag","nano_size",0.0151524033768531,0.293470558738312,0.00285686327928325,"T40-Rep3","T40","Rep3","Bag","Bag",9,8,4,40,"Background","CTD002","Niskins 8-10",3,2,2,0.5,0.615384615384615,"VD","Bag","Von Damm","Background"
"162","VD-MustardStand","VD","MustardStand-Bag","MustardStand","Bag","micro_size",0,0,NA,"T0-Rep1","T0","Rep1","Bag","Bag",0,0,0,0,"Vent","J2-1243","LV17",2,1.5,2,0.2,NA,"VD","Bag","Von Damm","Mustard Stand"
"163","VD-MustardStand","VD","MustardStand-Bag","MustardStand","Bag","micro_size",0,0,NA,"T0-Rep2","T0","Rep2","Bag","Bag",0,0,0,0,"Vent","J2-1243","LV17",2,1.5,2,0.2,NA,"VD","Bag","Von Damm","Mustard Stand"
"164","VD-MustardStand","VD","MustardStand-Bag","MustardStand","Bag","micro_size",0,0,NA,"T10-Rep1","T10","Rep1","Bag","Bag",0,0,0,10,"Vent","J2-1243","LV17",2,1.5,2,0.2,NA,"VD","Bag","Von Damm","Mustard Stand"
"165","VD-MustardStand","VD","MustardStand-Bag","MustardStand","Bag","micro_size",0,0,NA,"T20-Rep2","T20","Rep2","Bag","Bag",0,0,0,20,"Vent","J2-1243","LV17",2,1.5,2,0.2,NA,"VD","Bag","Von Damm","Mustard Stand"
"166","VD-MustardStand","VD","MustardStand-Bag","MustardStand","Bag","micro_size",0,0,NA,"T40-Rep1","T40","Rep1","Bag","Bag",1,0,0,40,"Vent","J2-1243","LV17",2,1.5,2,0.2,0,"VD","Bag","Von Damm","Mustard Stand"
"167","VD-MustardStand","VD","MustardStand-Bag","MustardStand","Bag","micro_size",0,0,NA,"T40-Rep2","T40","Rep2","Bag","Bag",0,0,0,40,"Vent","J2-1243","LV17",2,1.5,2,0.2,NA,"VD","Bag","Von Damm","Mustard Stand"
"168","VD-MustardStand","VD","MustardStand-Bag","MustardStand","Bag","nano_size",0.679997859225011,0.529177917791779,-0.00498585572842997,"T0-Rep1","T0","Rep1","Bag","Bag",8,6,3,0,"Vent","J2-1243","LV17",2,1.5,2,0.2,0.545454545454545,"VD","Bag","Von Damm","Mustard Stand"
"169","VD-MustardStand","VD","MustardStand-Bag","MustardStand","Bag","nano_size",0.679997859225011,0.529177917791779,-0.00498585572842997,"T0-Rep2","T0","Rep2","Bag","Bag",8,6,3,0,"Vent","J2-1243","LV17",2,1.5,2,0.2,0.545454545454545,"VD","Bag","Von Damm","Mustard Stand"
"170","VD-MustardStand","VD","MustardStand-Bag","MustardStand","Bag","nano_size",0.679997859225011,0.529177917791779,-0.00498585572842997,"T10-Rep1","T10","Rep1","Bag","Bag",8,5,2,10,"Vent","J2-1243","LV17",2,1.5,2,0.2,0.5,"VD","Bag","Von Damm","Mustard Stand"
"171","VD-MustardStand","VD","MustardStand-Bag","MustardStand","Bag","nano_size",0.679997859225011,0.529177917791779,-0.00498585572842997,"T20-Rep2","T20","Rep2","Bag","Bag",2,1,1,20,"Vent","J2-1243","LV17",2,1.5,2,0.2,0.333333333333333,"VD","Bag","Von Damm","Mustard Stand"
"172","VD-MustardStand","VD","MustardStand-Bag","MustardStand","Bag","nano_size",0.679997859225011,0.529177917791779,-0.00498585572842997,"T40-Rep1","T40","Rep1","Bag","Bag",6,2,1,40,"Vent","J2-1243","LV17",2,1.5,2,0.2,0.285714285714286,"VD","Bag","Von Damm","Mustard Stand"
"173","VD-MustardStand","VD","MustardStand-Bag","MustardStand","Bag","nano_size",0.679997859225011,0.529177917791779,-0.00498585572842997,"T40-Rep2","T40","Rep2","Bag","Bag",10,5,2,40,"Vent","J2-1243","LV17",2,1.5,2,0.2,0.416666666666667,"VD","Bag","Von Damm","Mustard Stand"
"174","VD-Plume","VD","Plume-Bag","Plume","Bag","micro_size",0.0984679980620992,0.78410897911587,0.0197669393047322,"T0-Rep1","T0","Rep1","Bag","Bag",4,8,2,0,"Plume","CTD001","Niskin 2",3,2,2,1,1.33333333333333,"VD","Bag","Von Damm","Plume"
"175","VD-Plume","VD","Plume-Bag","Plume","Bag","micro_size",0.0984679980620992,0.78410897911587,0.0197669393047322,"T0-Rep2","T0","Rep2","Bag","Bag",1,4,1,0,"Plume","CTD001","Niskin 2",3,2,2,1,2,"VD","Bag","Von Damm","Plume"
"176","VD-Plume","VD","Plume-Bag","Plume","Bag","micro_size",0.0984679980620992,0.78410897911587,0.0197669393047322,"T0-Rep3","T0","Rep3","Bag","Bag",2,0,0,0,"Plume","CTD001","Niskin 2",3,2,2,1,0,"VD","Bag","Von Damm","Plume"
"177","VD-Plume","VD","Plume-Bag","Plume","Bag","micro_size",0.0984679980620992,0.78410897911587,0.0197669393047322,"T10-Rep1","T10","Rep1","Bag","Bag",0,1,1,10,"Plume","CTD001","Niskin 2",3,2,2,1,1,"VD","Bag","Von Damm","Plume"
"178","VD-Plume","VD","Plume-Bag","Plume","Bag","micro_size",0.0984679980620992,0.78410897911587,0.0197669393047322,"T10-Rep2","T10","Rep2","Bag","Bag",0,4,2,10,"Plume","CTD001","Niskin 2",3,2,2,1,2,"VD","Bag","Von Damm","Plume"
"179","VD-Plume","VD","Plume-Bag","Plume","Bag","micro_size",0.0984679980620992,0.78410897911587,0.0197669393047322,"T10-Rep3","T10","Rep3","Bag","Bag",1,2,1,10,"Plume","CTD001","Niskin 2",3,2,2,1,1,"VD","Bag","Von Damm","Plume"
"180","VD-Plume","VD","Plume-Bag","Plume","Bag","micro_size",0.0984679980620992,0.78410897911587,0.0197669393047322,"T15-Rep1","T15","Rep1","Bag","Bag",3,0,0,15,"Plume","CTD001","Niskin 2",3,2,2,1,0,"VD","Bag","Von Damm","Plume"
"181","VD-Plume","VD","Plume-Bag","Plume","Bag","micro_size",0.0984679980620992,0.78410897911587,0.0197669393047322,"T15-Rep2","T15","Rep2","Bag","Bag",0,0,0,15,"Plume","CTD001","Niskin 2",3,2,2,1,NA,"VD","Bag","Von Damm","Plume"
"182","VD-Plume","VD","Plume-Bag","Plume","Bag","micro_size",0.0984679980620992,0.78410897911587,0.0197669393047322,"T15-Rep3","T15","Rep3","Bag","Bag",2,2,1,15,"Plume","CTD001","Niskin 2",3,2,2,1,0.666666666666667,"VD","Bag","Von Damm","Plume"
"183","VD-Plume","VD","Plume-Bag","Plume","Bag","micro_size",0.0984679980620992,0.78410897911587,0.0197669393047322,"T20-Rep1","T20","Rep1","Bag","Bag",1,0,0,25,"Plume","CTD001","Niskin 2",3,2,2,1,0,"VD","Bag","Von Damm","Plume"
"184","VD-Plume","VD","Plume-Bag","Plume","Bag","micro_size",0.0984679980620992,0.78410897911587,0.0197669393047322,"T20-Rep2","T20","Rep2","Bag","Bag",0,5,2,25,"Plume","CTD001","Niskin 2",3,2,2,1,2.5,"VD","Bag","Von Damm","Plume"
"185","VD-Plume","VD","Plume-Bag","Plume","Bag","micro_size",0.0984679980620992,0.78410897911587,0.0197669393047322,"T20-Rep3","T20","Rep3","Bag","Bag",1,0,0,25,"Plume","CTD001","Niskin 2",3,2,2,1,0,"VD","Bag","Von Damm","Plume"
"186","VD-Plume","VD","Plume-Bag","Plume","Bag","micro_size",0.0984679980620992,0.78410897911587,0.0197669393047322,"T40-Rep1","T40","Rep1","Bag","Bag",9,8,4,57,"Plume","CTD001","Niskin 2",3,2,2,1,0.615384615384615,"VD","Bag","Von Damm","Plume"
"187","VD-Plume","VD","Plume-Bag","Plume","Bag","micro_size",0.0984679980620992,0.78410897911587,0.0197669393047322,"T40-Rep2","T40","Rep2","Bag","Bag",0,0,0,57,"Plume","CTD001","Niskin 2",3,2,2,1,NA,"VD","Bag","Von Damm","Plume"
"188","VD-Plume","VD","Plume-Bag","Plume","Bag","micro_size",0.0984679980620992,0.78410897911587,0.0197669393047322,"T40-Rep3","T40","Rep3","Bag","Bag",0,4,1,57,"Plume","CTD001","Niskin 2",3,2,2,1,4,"VD","Bag","Von Damm","Plume"
"189","VD-Plume","VD","Plume-Bag","Plume","Bag","nano_size",0.0193734947139425,0.451370230011601,0.00226390864665758,"T0-Rep1","T0","Rep1","Bag","Bag",31,9,5,0,"Plume","CTD001","Niskin 2",3,2,2,1,0.25,"VD","Bag","Von Damm","Plume"
"190","VD-Plume","VD","Plume-Bag","Plume","Bag","nano_size",0.0193734947139425,0.451370230011601,0.00226390864665758,"T0-Rep2","T0","Rep2","Bag","Bag",15,2,2,0,"Plume","CTD001","Niskin 2",3,2,2,1,0.117647058823529,"VD","Bag","Von Damm","Plume"
"191","VD-Plume","VD","Plume-Bag","Plume","Bag","nano_size",0.0193734947139425,0.451370230011601,0.00226390864665758,"T0-Rep3","T0","Rep3","Bag","Bag",3,7,3,0,"Plume","CTD001","Niskin 2",3,2,2,1,1.16666666666667,"VD","Bag","Von Damm","Plume"
"192","VD-Plume","VD","Plume-Bag","Plume","Bag","nano_size",0.0193734947139425,0.451370230011601,0.00226390864665758,"T10-Rep1","T10","Rep1","Bag","Bag",13,7,5,10,"Plume","CTD001","Niskin 2",3,2,2,1,0.388888888888889,"VD","Bag","Von Damm","Plume"
"193","VD-Plume","VD","Plume-Bag","Plume","Bag","nano_size",0.0193734947139425,0.451370230011601,0.00226390864665758,"T10-Rep2","T10","Rep2","Bag","Bag",14,4,3,10,"Plume","CTD001","Niskin 2",3,2,2,1,0.235294117647059,"VD","Bag","Von Damm","Plume"
"194","VD-Plume","VD","Plume-Bag","Plume","Bag","nano_size",0.0193734947139425,0.451370230011601,0.00226390864665758,"T10-Rep3","T10","Rep3","Bag","Bag",10,12,6,10,"Plume","CTD001","Niskin 2",3,2,2,1,0.75,"VD","Bag","Von Damm","Plume"
"195","VD-Plume","VD","Plume-Bag","Plume","Bag","nano_size",0.0193734947139425,0.451370230011601,0.00226390864665758,"T15-Rep1","T15","Rep1","Bag","Bag",7,11,7,15,"Plume","CTD001","Niskin 2",3,2,2,1,0.785714285714286,"VD","Bag","Von Damm","Plume"
"196","VD-Plume","VD","Plume-Bag","Plume","Bag","nano_size",0.0193734947139425,0.451370230011601,0.00226390864665758,"T15-Rep2","T15","Rep2","Bag","Bag",12,4,3,15,"Plume","CTD001","Niskin 2",3,2,2,1,0.266666666666667,"VD","Bag","Von Damm","Plume"
"197","VD-Plume","VD","Plume-Bag","Plume","Bag","nano_size",0.0193734947139425,0.451370230011601,0.00226390864665758,"T15-Rep3","T15","Rep3","Bag","Bag",12,3,2,15,"Plume","CTD001","Niskin 2",3,2,2,1,0.214285714285714,"VD","Bag","Von Damm","Plume"
"198","VD-Plume","VD","Plume-Bag","Plume","Bag","nano_size",0.0193734947139425,0.451370230011601,0.00226390864665758,"T20-Rep1","T20","Rep1","Bag","Bag",15,6,4,25,"Plume","CTD001","Niskin 2",3,2,2,1,0.315789473684211,"VD","Bag","Von Damm","Plume"
"199","VD-Plume","VD","Plume-Bag","Plume","Bag","nano_size",0.0193734947139425,0.451370230011601,0.00226390864665758,"T20-Rep2","T20","Rep2","Bag","Bag",10,6,2,25,"Plume","CTD001","Niskin 2",3,2,2,1,0.5,"VD","Bag","Von Damm","Plume"
"200","VD-Plume","VD","Plume-Bag","Plume","Bag","nano_size",0.0193734947139425,0.451370230011601,0.00226390864665758,"T20-Rep3","T20","Rep3","Bag","Bag",12,12,5,25,"Plume","CTD001","Niskin 2",3,2,2,1,0.705882352941177,"VD","Bag","Von Damm","Plume"
"201","VD-Plume","VD","Plume-Bag","Plume","Bag","nano_size",0.0193734947139425,0.451370230011601,0.00226390864665758,"T40-Rep1","T40","Rep1","Bag","Bag",10,1,1,57,"Plume","CTD001","Niskin 2",3,2,2,1,0.0909090909090909,"VD","Bag","Von Damm","Plume"
"202","VD-Plume","VD","Plume-Bag","Plume","Bag","nano_size",0.0193734947139425,0.451370230011601,0.00226390864665758,"T40-Rep2","T40","Rep2","Bag","Bag",12,17,9,57,"Plume","CTD001","Niskin 2",3,2,2,1,0.80952380952381,"VD","Bag","Von Damm","Plume"
"203","VD-Plume","VD","Plume-Bag","Plume","Bag","nano_size",0.0193734947139425,0.451370230011601,0.00226390864665758,"T40-Rep3","T40","Rep3","Bag","Bag",6,9,4,57,"Plume","CTD001","Niskin 2",3,2,2,1,0.9,"VD","Bag","Von Damm","Plume"
"204","VD-Rav2","VD","Rav2-Bag","Rav2","Bag","micro_size",0.696359782021469,-1.71474878444084,0.394651539708266,"T0-Rep1","T0","Rep1","Bag","Bag",0,0,0,0,"Vent","J2-1238","LV13a",3,1.5,2,0.5,NA,"VD","Bag","Von Damm","Ravelin #2"
"205","VD-Rav2","VD","Rav2-Bag","Rav2","Bag","micro_size",0.696359782021469,-1.71474878444084,0.394651539708266,"T0-Rep2","T0","Rep2","Bag","Bag",1,0,0,0,"Vent","J2-1238","LV13a",3,1.5,2,0.5,0,"VD","Bag","Von Damm","Ravelin #2"
"206","VD-Rav2","VD","Rav2-Bag","Rav2","Bag","micro_size",0.696359782021469,-1.71474878444084,0.394651539708266,"T10-Rep1","T10","Rep1","Bag","Bag",1,0,0,10,"Vent","J2-1238","LV13a",3,1.5,2,0.5,0,"VD","Bag","Von Damm","Ravelin #2"
"207","VD-Rav2","VD","Rav2-Bag","Rav2","Bag","micro_size",0.696359782021469,-1.71474878444084,0.394651539708266,"T10-Rep2","T10","Rep2","Bag","Bag",0,0,0,10,"Vent","J2-1238","LV13a",3,1.5,2,0.5,NA,"VD","Bag","Von Damm","Ravelin #2"
"208","VD-Rav2","VD","Rav2-Bag","Rav2","Bag","micro_size",0.696359782021469,-1.71474878444084,0.394651539708266,"T15-Rep1","T15","Rep1","Bag","Bag",0,0,0,15,"Vent","J2-1238","LV13a",3,1.5,2,0.5,NA,"VD","Bag","Von Damm","Ravelin #2"
"209","VD-Rav2","VD","Rav2-Bag","Rav2","Bag","micro_size",0.696359782021469,-1.71474878444084,0.394651539708266,"T15-Rep2","T15","Rep2","Bag","Bag",0,4,1,15,"Vent","J2-1238","LV13a",3,1.5,2,0.5,4,"VD","Bag","Von Damm","Ravelin #2"
"210","VD-Rav2","VD","Rav2-Bag","Rav2","Bag","micro_size",0.696359782021469,-1.71474878444084,0.394651539708266,"T15-Rep3","T15","Rep3","Bag","Bag",1,5,1,15,"Vent","J2-1238","LV13a",3,1.5,2,0.5,2.5,"VD","Bag","Von Damm","Ravelin #2"
"211","VD-Rav2","VD","Rav2-Bag","Rav2","Bag","micro_size",0.696359782021469,-1.71474878444084,0.394651539708266,"T20-Rep1","T20","Rep1","Bag","Bag",0,9,1,21,"Vent","J2-1238","LV13a",3,1.5,2,0.5,9,"VD","Bag","Von Damm","Ravelin #2"
"212","VD-Rav2","VD","Rav2-Bag","Rav2","Bag","micro_size",0.696359782021469,-1.71474878444084,0.394651539708266,"T20-Rep2","T20","Rep2","Bag","Bag",0,0,0,21,"Vent","J2-1238","LV13a",3,1.5,2,0.5,NA,"VD","Bag","Von Damm","Ravelin #2"
"213","VD-Rav2","VD","Rav2-Bag","Rav2","Bag","micro_size",0.696359782021469,-1.71474878444084,0.394651539708266,"T40-Rep1","T40","Rep1","Bag","Bag",0,0,0,40,"Vent","J2-1238","LV13a",3,1.5,2,0.5,NA,"VD","Bag","Von Damm","Ravelin #2"
"214","VD-Rav2","VD","Rav2-Bag","Rav2","Bag","micro_size",0.696359782021469,-1.71474878444084,0.394651539708266,"T40-Rep2","T40","Rep2","Bag","Bag",0,0,0,40,"Vent","J2-1238","LV13a",3,1.5,2,0.5,NA,"VD","Bag","Von Damm","Ravelin #2"
"215","VD-Rav2","VD","Rav2-Bag","Rav2","Bag","nano_size",0.00144493702779645,0.939249798161753,0.0020113853775271,"T0-Rep1","T0","Rep1","Bag","Bag",11,16,5,0,"Vent","J2-1238","LV13a",3,1.5,2,0.5,1,"VD","Bag","Von Damm","Ravelin #2"
"216","VD-Rav2","VD","Rav2-Bag","Rav2","Bag","nano_size",0.00144493702779645,0.939249798161753,0.0020113853775271,"T0-Rep2","T0","Rep2","Bag","Bag",18,6,4,0,"Vent","J2-1238","LV13a",3,1.5,2,0.5,0.272727272727273,"VD","Bag","Von Damm","Ravelin #2"
"217","VD-Rav2","VD","Rav2-Bag","Rav2","Bag","nano_size",0.00144493702779645,0.939249798161753,0.0020113853775271,"T10-Rep1","T10","Rep1","Bag","Bag",4,17,5,10,"Vent","J2-1238","LV13a",3,1.5,2,0.5,1.88888888888889,"VD","Bag","Von Damm","Ravelin #2"
"218","VD-Rav2","VD","Rav2-Bag","Rav2","Bag","nano_size",0.00144493702779645,0.939249798161753,0.0020113853775271,"T10-Rep2","T10","Rep2","Bag","Bag",15,4,3,10,"Vent","J2-1238","LV13a",3,1.5,2,0.5,0.222222222222222,"VD","Bag","Von Damm","Ravelin #2"
"219","VD-Rav2","VD","Rav2-Bag","Rav2","Bag","nano_size",0.00144493702779645,0.939249798161753,0.0020113853775271,"T15-Rep1","T15","Rep1","Bag","Bag",9,19,7,15,"Vent","J2-1238","LV13a",3,1.5,2,0.5,1.1875,"VD","Bag","Von Damm","Ravelin #2"
"220","VD-Rav2","VD","Rav2-Bag","Rav2","Bag","nano_size",0.00144493702779645,0.939249798161753,0.0020113853775271,"T15-Rep2","T15","Rep2","Bag","Bag",18,7,6,15,"Vent","J2-1238","LV13a",3,1.5,2,0.5,0.291666666666667,"VD","Bag","Von Damm","Ravelin #2"
"221","VD-Rav2","VD","Rav2-Bag","Rav2","Bag","nano_size",0.00144493702779645,0.939249798161753,0.0020113853775271,"T15-Rep3","T15","Rep3","Bag","Bag",1,6,2,15,"Vent","J2-1238","LV13a",3,1.5,2,0.5,2,"VD","Bag","Von Damm","Ravelin #2"
"222","VD-Rav2","VD","Rav2-Bag","Rav2","Bag","nano_size",0.00144493702779645,0.939249798161753,0.0020113853775271,"T20-Rep1","T20","Rep1","Bag","Bag",7,29,8,21,"Vent","J2-1238","LV13a",3,1.5,2,0.5,1.93333333333333,"VD","Bag","Von Damm","Ravelin #2"
"223","VD-Rav2","VD","Rav2-Bag","Rav2","Bag","nano_size",0.00144493702779645,0.939249798161753,0.0020113853775271,"T20-Rep2","T20","Rep2","Bag","Bag",16,5,4,21,"Vent","J2-1238","LV13a",3,1.5,2,0.5,0.25,"VD","Bag","Von Damm","Ravelin #2"
"224","VD-Rav2","VD","Rav2-Bag","Rav2","Bag","nano_size",0.00144493702779645,0.939249798161753,0.0020113853775271,"T40-Rep1","T40","Rep1","Bag","Bag",17,25,9,40,"Vent","J2-1238","LV13a",3,1.5,2,0.5,0.961538461538462,"VD","Bag","Von Damm","Ravelin #2"
"225","VD-Rav2","VD","Rav2-Bag","Rav2","Bag","nano_size",0.00144493702779645,0.939249798161753,0.0020113853775271,"T40-Rep2","T40","Rep2","Bag","Bag",17,14,3,40,"Vent","J2-1238","LV13a",3,1.5,2,0.5,0.7,"VD","Bag","Von Damm","Ravelin #2"
"226","VD-ShrimpHole","VD","ShrimpHole-Bag","ShrimpHole","Bag","micro_size",0.233424454816445,2.28754578754579,-0.0921245421245421,"T0-Rep1","T0","Rep1","Bag","Bag",2,2,1,0,"Vent","J2-1244","LV13",2,1.5,2,0.2,0.666666666666667,"VD","Bag","Von Damm","Shrimp Hole"
"227","VD-ShrimpHole","VD","ShrimpHole-Bag","ShrimpHole","Bag","micro_size",0.233424454816445,2.28754578754579,-0.0921245421245421,"T0-Rep2","T0","Rep2","Bag","Bag",0,7,1,0,"Vent","J2-1244","LV13",2,1.5,2,0.2,7,"VD","Bag","Von Damm","Shrimp Hole"
"228","VD-ShrimpHole","VD","ShrimpHole-Bag","ShrimpHole","Bag","micro_size",0.233424454816445,2.28754578754579,-0.0921245421245421,"T10-Rep1","T10","Rep1","Bag","Bag",3,0,0,10,"Vent","J2-1244","LV13",2,1.5,2,0.2,0,"VD","Bag","Von Damm","Shrimp Hole"
"229","VD-ShrimpHole","VD","ShrimpHole-Bag","ShrimpHole","Bag","micro_size",0.233424454816445,2.28754578754579,-0.0921245421245421,"T10-Rep2","T10","Rep2","Bag","Bag",2,0,0,10,"Vent","J2-1244","LV13",2,1.5,2,0.2,0,"VD","Bag","Von Damm","Shrimp Hole"
"230","VD-ShrimpHole","VD","ShrimpHole-Bag","ShrimpHole","Bag","micro_size",0.233424454816445,2.28754578754579,-0.0921245421245421,"T15-Rep1","T15","Rep1","Bag","Bag",1,1,1,15,"Vent","J2-1244","LV13",2,1.5,2,0.2,0.5,"VD","Bag","Von Damm","Shrimp Hole"
"231","VD-ShrimpHole","VD","ShrimpHole-Bag","ShrimpHole","Bag","micro_size",0.233424454816445,2.28754578754579,-0.0921245421245421,"T15-Rep2","T15","Rep2","Bag","Bag",5,0,0,15,"Vent","J2-1244","LV13",2,1.5,2,0.2,0,"VD","Bag","Von Damm","Shrimp Hole"
"232","VD-ShrimpHole","VD","ShrimpHole-Bag","ShrimpHole","Bag","micro_size",0.233424454816445,2.28754578754579,-0.0921245421245421,"T20-Rep1","T20","Rep1","Bag","Bag",0,0,0,20,"Vent","J2-1244","LV13",2,1.5,2,0.2,NA,"VD","Bag","Von Damm","Shrimp Hole"
"233","VD-ShrimpHole","VD","ShrimpHole-Bag","ShrimpHole","Bag","micro_size",0.233424454816445,2.28754578754579,-0.0921245421245421,"T20-Rep2","T20","Rep2","Bag","Bag",2,0,0,20,"Vent","J2-1244","LV13",2,1.5,2,0.2,0,"VD","Bag","Von Damm","Shrimp Hole"
"234","VD-ShrimpHole","VD","ShrimpHole-Bag","ShrimpHole","Bag","micro_size",0.233424454816445,2.28754578754579,-0.0921245421245421,"T40-Rep1","T40","Rep1","Bag","Bag",0,0,0,40,"Vent","J2-1244","LV13",2,1.5,2,0.2,NA,"VD","Bag","Von Damm","Shrimp Hole"
"235","VD-ShrimpHole","VD","ShrimpHole-Bag","ShrimpHole","Bag","micro_size",0.233424454816445,2.28754578754579,-0.0921245421245421,"T40-Rep2","T40","Rep2","Bag","Bag",1,0,0,40,"Vent","J2-1244","LV13",2,1.5,2,0.2,0,"VD","Bag","Von Damm","Shrimp Hole"
"236","VD-ShrimpHole","VD","ShrimpHole-Bag","ShrimpHole","Bag","nano_size",0.00281927256353959,0.937095747389863,0.00242424242424254,"T0-Rep1","T0","Rep1","Bag","Bag",6,16,6,0,"Vent","J2-1244","LV13",2,1.5,2,0.2,1.33333333333333,"VD","Bag","Von Damm","Shrimp Hole"
"237","VD-ShrimpHole","VD","ShrimpHole-Bag","ShrimpHole","Bag","nano_size",0.00281927256353959,0.937095747389863,0.00242424242424254,"T0-Rep2","T0","Rep2","Bag","Bag",8,22,9,0,"Vent","J2-1244","LV13",2,1.5,2,0.2,1.29411764705882,"VD","Bag","Von Damm","Shrimp Hole"
"238","VD-ShrimpHole","VD","ShrimpHole-Bag","ShrimpHole","Bag","nano_size",0.00281927256353959,0.937095747389863,0.00242424242424254,"T10-Rep1","T10","Rep1","Bag","Bag",8,4,2,10,"Vent","J2-1244","LV13",2,1.5,2,0.2,0.4,"VD","Bag","Von Damm","Shrimp Hole"
"239","VD-ShrimpHole","VD","ShrimpHole-Bag","ShrimpHole","Bag","nano_size",0.00281927256353959,0.937095747389863,0.00242424242424254,"T10-Rep2","T10","Rep2","Bag","Bag",10,12,4,10,"Vent","J2-1244","LV13",2,1.5,2,0.2,0.857142857142857,"VD","Bag","Von Damm","Shrimp Hole"
"240","VD-ShrimpHole","VD","ShrimpHole-Bag","ShrimpHole","Bag","nano_size",0.00281927256353959,0.937095747389863,0.00242424242424254,"T15-Rep1","T15","Rep1","Bag","Bag",7,8,4,15,"Vent","J2-1244","LV13",2,1.5,2,0.2,0.727272727272727,"VD","Bag","Von Damm","Shrimp Hole"
"241","VD-ShrimpHole","VD","ShrimpHole-Bag","ShrimpHole","Bag","nano_size",0.00281927256353959,0.937095747389863,0.00242424242424254,"T15-Rep2","T15","Rep2","Bag","Bag",3,14,5,15,"Vent","J2-1244","LV13",2,1.5,2,0.2,1.75,"VD","Bag","Von Damm","Shrimp Hole"
"242","VD-ShrimpHole","VD","ShrimpHole-Bag","ShrimpHole","Bag","nano_size",0.00281927256353959,0.937095747389863,0.00242424242424254,"T20-Rep1","T20","Rep1","Bag","Bag",4,1,1,20,"Vent","J2-1244","LV13",2,1.5,2,0.2,0.2,"VD","Bag","Von Damm","Shrimp Hole"
"243","VD-ShrimpHole","VD","ShrimpHole-Bag","ShrimpHole","Bag","nano_size",0.00281927256353959,0.937095747389863,0.00242424242424254,"T20-Rep2","T20","Rep2","Bag","Bag",8,6,2,20,"Vent","J2-1244","LV13",2,1.5,2,0.2,0.6,"VD","Bag","Von Damm","Shrimp Hole"
"244","VD-ShrimpHole","VD","ShrimpHole-Bag","ShrimpHole","Bag","nano_size",0.00281927256353959,0.937095747389863,0.00242424242424254,"T40-Rep1","T40","Rep1","Bag","Bag",7,5,4,40,"Vent","J2-1244","LV13",2,1.5,2,0.2,0.454545454545455,"VD","Bag","Von Damm","Shrimp Hole"
"245","VD-ShrimpHole","VD","ShrimpHole-Bag","ShrimpHole","Bag","nano_size",0.00281927256353959,0.937095747389863,0.00242424242424254,"T40-Rep2","T40","Rep2","Bag","Bag",1,13,5,40,"Vent","J2-1244","LV13",2,1.5,2,0.2,2.16666666666667,"VD","Bag","Von Damm","Shrimp Hole"
"246","VD-X18","VD","X18-Bag","X18","Bag","micro_size",0.302757291317466,0.670912951167727,0.0360934182590234,"T0-Rep1","T0","Rep1","Bag","Bag",1,0,0,0,"Vent","J2-1235","LV23 & Bio5",2,1.5,2,0.5,0,"VD","Bag","Von Damm","X-18"
"247","VD-X18","VD","X18-Bag","X18","Bag","micro_size",0.302757291317466,0.670912951167727,0.0360934182590234,"T0-Rep2","T0","Rep2","Bag","Bag",1,4,2,0,"Vent","J2-1235","LV23 & Bio5",2,1.5,2,0.5,1.33333333333333,"VD","Bag","Von Damm","X-18"
"248","VD-X18","VD","X18-Bag","X18","Bag","micro_size",0.302757291317466,0.670912951167727,0.0360934182590234,"T15-Rep1","T15","Rep1","Bag","Bag",1,0,0,15,"Vent","J2-1235","LV23 & Bio5",2,1.5,2,0.5,0,"VD","Bag","Von Damm","X-18"
"249","VD-X18","VD","X18-Bag","X18","Bag","micro_size",0.302757291317466,0.670912951167727,0.0360934182590234,"T15-Rep2","T15","Rep2","Bag","Bag",0,4,2,15,"Vent","J2-1235","LV23 & Bio5",2,1.5,2,0.5,2,"VD","Bag","Von Damm","X-18"
"250","VD-X18","VD","X18-Bag","X18","Bag","micro_size",0.302757291317466,0.670912951167727,0.0360934182590234,"T20-Rep1","T20","Rep1","Bag","Bag",1,4,2,20,"Vent","J2-1235","LV23 & Bio5",2,1.5,2,0.5,1.33333333333333,"VD","Bag","Von Damm","X-18"
"251","VD-X18","VD","X18-Bag","X18","Bag","micro_size",0.302757291317466,0.670912951167727,0.0360934182590234,"T20-Rep2","T20","Rep2","Bag","Bag",1,4,1,20,"Vent","J2-1235","LV23 & Bio5",2,1.5,2,0.5,2,"VD","Bag","Von Damm","X-18"
"252","VD-X18","VD","X18-Bag","X18","Bag","micro_size",0.302757291317466,0.670912951167727,0.0360934182590234,"T40-Rep1","T40","Rep1","Bag","Bag",0,0,0,40,"Vent","J2-1235","LV23 & Bio5",2,1.5,2,0.5,NA,"VD","Bag","Von Damm","X-18"
"253","VD-X18","VD","X18-Bag","X18","Bag","micro_size",0.302757291317466,0.670912951167727,0.0360934182590234,"T40-Rep2","T40","Rep2","Bag","Bag",0,2,1,40,"Vent","J2-1235","LV23 & Bio5",2,1.5,2,0.5,2,"VD","Bag","Von Damm","X-18"
"254","VD-X18","VD","X18-Bag","X18","Bag","nano_size",0.0189167161523672,0.304178164706587,0.0021960506388871,"T0-Rep1","T0","Rep1","Bag","Bag",9,0,0,0,"Vent","J2-1235","LV23 & Bio5",2,1.5,2,0.5,0,"VD","Bag","Von Damm","X-18"
"255","VD-X18","VD","X18-Bag","X18","Bag","nano_size",0.0189167161523672,0.304178164706587,0.0021960506388871,"T0-Rep2","T0","Rep2","Bag","Bag",14,5,3,0,"Vent","J2-1235","LV23 & Bio5",2,1.5,2,0.5,0.294117647058824,"VD","Bag","Von Damm","X-18"
"256","VD-X18","VD","X18-Bag","X18","Bag","nano_size",0.0189167161523672,0.304178164706587,0.0021960506388871,"T15-Rep1","T15","Rep1","Bag","Bag",13,2,1,15,"Vent","J2-1235","LV23 & Bio5",2,1.5,2,0.5,0.142857142857143,"VD","Bag","Von Damm","X-18"
"257","VD-X18","VD","X18-Bag","X18","Bag","nano_size",0.0189167161523672,0.304178164706587,0.0021960506388871,"T15-Rep2","T15","Rep2","Bag","Bag",14,15,9,15,"Vent","J2-1235","LV23 & Bio5",2,1.5,2,0.5,0.652173913043478,"VD","Bag","Von Damm","X-18"
"258","VD-X18","VD","X18-Bag","X18","Bag","nano_size",0.0189167161523672,0.304178164706587,0.0021960506388871,"T20-Rep1","T20","Rep1","Bag","Bag",6,7,4,20,"Vent","J2-1235","LV23 & Bio5",2,1.5,2,0.5,0.7,"VD","Bag","Von Damm","X-18"
"259","VD-X18","VD","X18-Bag","X18","Bag","nano_size",0.0189167161523672,0.304178164706587,0.0021960506388871,"T20-Rep2","T20","Rep2","Bag","Bag",14,9,5,20,"Vent","J2-1235","LV23 & Bio5",2,1.5,2,0.5,0.473684210526316,"VD","Bag","Von Damm","X-18"
"260","VD-X18","VD","X18-Bag","X18","Bag","nano_size",0.0189167161523672,0.304178164706587,0.0021960506388871,"T40-Rep1","T40","Rep1","Bag","Bag",10,3,2,40,"Vent","J2-1235","LV23 & Bio5",2,1.5,2,0.5,0.25,"VD","Bag","Von Damm","X-18"
"261","VD-X18","VD","X18-Bag","X18","Bag","nano_size",0.0189167161523672,0.304178164706587,0.0021960506388871,"T40-Rep2","T40","Rep2","Bag","Bag",13,4,3,40,"Vent","J2-1235","LV23 & Bio5",2,1.5,2,0.5,0.25,"VD","Bag","Von Damm","X-18"
"262","Piccard-Shrimpocalypse","Piccard","Shrimpocalypse-IGT3","Shrimpocalypse","IGT3","total_euks",0.661389550988855,0.0215311004784689,0.0167942583732057,"T0-IGT3","T0","IGT3","IGT","IGT3",10,1,1,0,"Vent","J2-1240","IGT3",1,0.15,NA,NA,0.0909090909090909,"Piccard","IGT","Piccard","Shrimpocalypse"
"263","Piccard-Shrimpocalypse","Piccard","Shrimpocalypse-IGT3","Shrimpocalypse","IGT3","total_euks",0.661389550988855,0.0215311004784689,0.0167942583732057,"T1-IGT3","T1","IGT3","IGT","IGT3",9,1,1,15,"Vent","J2-1240","IGT3",1,0.15,NA,NA,0.1,"Piccard","IGT","Piccard","Shrimpocalypse"
"264","Piccard-Shrimpocalypse","Piccard","Shrimpocalypse-IGT3","Shrimpocalypse","IGT3","total_euks",0.661389550988855,0.0215311004784689,0.0167942583732057,"T2-IGT3","T2","IGT3","IGT","IGT3",5,6,6,25,"Vent","J2-1240","IGT3",1,0.15,NA,NA,0.545454545454545,"Piccard","IGT","Piccard","Shrimpocalypse"
"265","VD-OMT","VD","OMT-IGT4","OMT","IGT4","total_euks",0.445940823214873,0.244166541639429,0.0145109429877495,"T0-IGT4","T0","IGT4","IGT","IGT4",8,3,2,0,"Vent","J2-1238","IGT4",1,0.15,NA,NA,0.3,"VD","IGT","Von Damm","Old Man Tree"
"266","VD-OMT","VD","OMT-IGT4","OMT","IGT4","total_euks",0.445940823214873,0.244166541639429,0.0145109429877495,"T0-IGT4b","T0","IGT4b","IGT","IGT4b",14,4,3,0,"Vent","J2-1238","IGT4",1,0.15,NA,NA,0.235294117647059,"VD","IGT","Von Damm","Old Man Tree"
"267","VD-OMT","VD","OMT-IGT4","OMT","IGT4","total_euks",0.445940823214873,0.244166541639429,0.0145109429877495,"T1-IGT4","T1","IGT4","IGT","IGT4",9,2,2,7,"Vent","J2-1238","IGT4",1,0.15,NA,NA,0.181818181818182,"VD","IGT","Von Damm","Old Man Tree"
"268","VD-OMT","VD","OMT-IGT4","OMT","IGT4","total_euks",0.445940823214873,0.244166541639429,0.0145109429877495,"T1-IGT4b","T1","IGT4b","IGT","IGT4b",6,4,3,7,"Vent","J2-1238","IGT4",1,0.15,NA,NA,0.444444444444444,"VD","IGT","Von Damm","Old Man Tree"
"269","VD-OMT","VD","OMT-IGT4","OMT","IGT4","total_euks",0.445940823214873,0.244166541639429,0.0145109429877495,"T2-IGT4","T2","IGT4","IGT","IGT4",9,5,5,25,"Vent","J2-1238","IGT4",1,0.15,NA,NA,0.357142857142857,"VD","IGT","Von Damm","Old Man Tree"
"270","VD-OMT","VD","OMT-IGT4","OMT","IGT4","total_euks",0.445940823214873,0.244166541639429,0.0145109429877495,"T2-IGT4b","T2","IGT4b","IGT","IGT4b",4,7,4,25,"Vent","J2-1238","IGT4",1,0.15,NA,NA,0.875,"VD","IGT","Von Damm","Old Man Tree"
"271","VD-Rav2","VD","Rav2-IGT4","Rav2","IGT4","total_euks",0.872857410734741,0.127218325601846,0.0153952398860779,"T0-IGT4","T0","IGT4","IGT","IGT4",25,2,2,0,"Vent","J2-1244","IGT4",1,0.15,NA,NA,0.0740740740740741,"VD","IGT","Von Damm","Ravelin #2"
"272","VD-Rav2","VD","Rav2-IGT4","Rav2","IGT4","total_euks",0.872857410734741,0.127218325601846,0.0153952398860779,"T0-IGT4b","T0","IGT4b","IGT","IGT4b",15,3,1,0,"Vent","J2-1244","IGT4",1,0.15,NA,NA,0.1875,"VD","IGT","Von Damm","Ravelin #2"
"273","VD-Rav2","VD","Rav2-IGT4","Rav2","IGT4","total_euks",0.872857410734741,0.127218325601846,0.0153952398860779,"T1-IGT4","T1","IGT4","IGT","IGT4",13,5,4,12,"Vent","J2-1244","IGT4",1,0.15,NA,NA,0.294117647058824,"VD","IGT","Von Damm","Ravelin #2"
"274","VD-Rav2","VD","Rav2-IGT4","Rav2","IGT4","total_euks",0.872857410734741,0.127218325601846,0.0153952398860779,"T2-IGT4","T2","IGT4","IGT","IGT4",10,8,6,20,"Vent","J2-1244","IGT4",1,0.15,NA,NA,0.5,"VD","IGT","Von Damm","Ravelin #2"
"275","VD-Rav2","VD","Rav2-IGT4","Rav2","IGT4","total_euks",0.872857410734741,0.127218325601846,0.0153952398860779,"T2-IGT4b","T2","IGT4b","IGT","IGT4b",15,8,6,20,"Vent","J2-1244","IGT4",1,0.15,NA,NA,0.380952380952381,"VD","IGT","Von Damm","Ravelin #2"
"276","VD-Rav2","VD","Rav2-IGT5","Rav2","IGT5","total_euks",0.0544301464034871,0.269248653940284,0.0016030347528145,"T0-IGT5","T0","IGT5","IGT","IGT5",15,8,3,0,"Vent","J2-1244","IGT5",1,0.15,NA,NA,0.444444444444444,"VD","IGT","Von Damm","Ravelin #2"
"277","VD-Rav2","VD","Rav2-IGT5","Rav2","IGT5","total_euks",0.0544301464034871,0.269248653940284,0.0016030347528145,"T0-IGT5b","T0","IGT5b","IGT","IGT5b",9,1,1,0,"Vent","J2-1244","IGT5",1,0.15,NA,NA,0.1,"VD","IGT","Von Damm","Ravelin #2"
"278","VD-Rav2","VD","Rav2-IGT5","Rav2","IGT5","total_euks",0.0544301464034871,0.269248653940284,0.0016030347528145,"T1-IGT5","T1","IGT5","IGT","IGT5",14,5,4,35,"Vent","J2-1244","IGT5",1,0.15,NA,NA,0.277777777777778,"VD","IGT","Von Damm","Ravelin #2"
"279","VD-Rav2","VD","Rav2-IGT5","Rav2","IGT5","total_euks",0.0544301464034871,0.269248653940284,0.0016030347528145,"T2-IGT5","T2","IGT5","IGT","IGT5",11,6,5,40,"Vent","J2-1244","IGT5",1,0.15,NA,NA,0.375,"VD","IGT","Von Damm","Ravelin #2"
